브랜드,제품명,현재 판매가,회원 할인가,판매자,다른 판매자,옵션,상세정보,URL
에이수스,에이수스 2024 비보북 S 15 라이젠5 라이젠 7000 시리즈,"899,000원","849,000원",로켓배송,없음,"색상: 뉴트럴 블랙, 저장용량 × RAM용량 × 운영체제: 512GB × 16GB × Free DOS","CPU 모델명: 라이젠5, CPU 모델 번호: 라이젠5-7535HS, 화면크기: 39.62cm, 중량: 1.5kg, 출시년월: 2024.04, 쿠팡상품번호: 8003096116 - 22296194064",https://www.coupang.com/vp/products/8003096116?itemId=22296194064&vendorItemId=89341695020
기가바이트,기가바이트 2024 G5 KF5 15.6 코어i7 인텔 13세대 지포스 RTX 4060,"1,499,000원","1,299,000원",로켓배송,없음,"색상: 블랙, 저장용량 × RAM용량 × 운영체제: 1TB × 16GB × Free DOS","CPU 모델명: 코어i7, CPU 모델 번호: 코어i7-13620H, GPU 모델명: 지포스 RTX 4060, 중량: 2.08kg, 출시년월: 2024.04, 쿠팡상품번호: 8000539317 - 22277681010",https://www.coupang.com/vp/products/8000539317?itemId=22277681010&vendorItemId=89323300985
레노버,레노버 2022 아이디어패드 슬림 1 15AMN7 15.6 라이젠3 라이젠 7000 시리즈,"488,990원","358,990원",로켓배송,4,"색상: Cloud Grey (82VG), 저장용량 × RAM용량 × 운영체제 × 모델명/품번: 256GB × 8GB × Free DOS × 82VG002EKR","CPU 모델명: 라이젠3, CPU 모델 번호: 라이젠3-7320U, 화면크기: 39.6cm, 중량: 1.58kg, 화면크기(인치): 약 15.6인치에 해당함, 쿠팡상품번호: 6990469893 - 17107738286",https://www.coupang.com/vp/products/6990469893?itemId=17107738286&vendorItemId=84281482577&pickType=COU_PICK
에이수스,"에이수스 Vivobook Go 15 라이젠5 라이젠 7000 시리즈
            쿨 실버 · 256GB · 16GB · WIN11 Home · E1504FA-BQ494","624,040원","544,040원",로켓배송,3,,"CPU 모델명: 라이젠5, CPU 모델 번호: 라이젠5-7520U, GPU 모델명: 내장그래픽 / Radeon 610M, 화면크기: 39.62cm, 중량: 1.63kg, 쿠팡상품번호: 7186200172 - 19658671019",https://www.coupang.com/vp/products/7186200172?itemId=19658671019&vendorItemId=86755221728
LG전자,"LG전자 2023 그램15 코어i5 인텔 13세대
            스노우 화이트 · 256GB · 16GB · WIN11 Home · 15Z90RU-GAOWK","1,550,000원","1,395,000원",로켓배송,6,,"CPU 모델명: 코어i5, CPU 모델 번호: 코어i5-1335U, 화면크기: 39.6cm, 중량: 1140g, 출시년월: 2023.02, 쿠팡상품번호: 7709148497 - 20660237250",https://www.coupang.com/vp/products/7709148497?itemId=20660237250&vendorItemId=86160350574
레노버,레노버 아이디어패드 슬림 1 15IJL7 15.6 셀러론 인텔 10세대,"369,000원","269,000원",로켓배송,3,"색상: SAND, 저장용량 × RAM용량 × 운영체제: 128GB × 4GB × WIN11 Home","CPU 모델명: 셀러론, CPU 모델 번호: Celeron N5100, 중량: 1.55kg, 그래픽카드 형태: 미장착, 저장장치: SSD, 쿠팡상품번호: 7730143093 - 19320398788",https://www.coupang.com/vp/products/7730143093?itemId=19320398788&vendorItemId=86434537380
레노버,레노버 2023 아이디어패드 슬림 3 15IAH8 코어i5 인텔 12세대,"699,000원","679,000원",로켓배송,4,"색상: Arctic Grey, 저장용량 × RAM용량 × 운영체제 × 모델명/품번: 256GB × 16GB × Free DOS × 83ER005YKR","CPU 모델명: 코어i5, CPU 모델 번호: 코어i5-12450H, 중량: 1.62kg, 출시년월: 2023.09, 그래픽카드 형태: 미장착, 쿠팡상품번호: 7743816755 - 20806316966",https://www.coupang.com/vp/products/7743816755?itemId=20806316966&vendorItemId=87875366904
HP,HP 2023 노트북 15 코어i5 인텔 13세대,"858,990원","808,990원",로켓배송,2,"색상: Natural Silver, 저장용량 × RAM용량 × 운영체제 × 모델명/품번: 512GB × 16GB × WIN11 Home × 15-fd0096tu","CPU 모델명: 코어i5, CPU 모델 번호: 코어i5-1334U, 화면크기: 39.6cm, 중량: 1.6kg, 출시년월: 2023.04, 쿠팡상품번호: 7505816676 - 18629263312",https://www.coupang.com/vp/products/7505816676?itemId=18629263312&vendorItemId=85764591502
에이수스,"에이수스 Vivobook Go 15 라이젠5 라이젠 7000 시리즈
            쿨 실버 · 256GB · 16GB · Free DOS · E1504FA-BQ494","479,000원","399,000원",로켓배송,3,,"CPU 모델명: 라이젠5, CPU 모델 번호: 라이젠5, GPU 모델명: 내장그래픽 / Radeon 610M, 화면크기: 39.62cm, 중량: 1.63kg, 쿠팡상품번호: 7186200172 - 18133826276",https://www.coupang.com/vp/products/7186200172?itemId=18133826276&vendorItemId=85284485959
HP,HP 2023 노트북 15 라이젠5 라이젠 7000 시리즈,"739,000원","699,000원",로켓배송,4,"색상: Natural Silver, 저장용량 × RAM용량 × 운영체제 × 모델명/품번: 512GB × 16GB × WIN11 Home × 15-fc0072AU","CPU 모델명: 라이젠5, CPU 모델 번호: 라이젠5-7530U, 화면크기: 39.6cm, 중량: 1.59kg, 출시년월: 2023.03, 쿠팡상품번호: 7505810587 - 18122375215",https://www.coupang.com/vp/products/7505810587?itemId=18122375215&vendorItemId=85273457615
에이수스,에이수스 2023 비보북 16X 코어i5 인텔 13세대,"654,240원","504,240원",로켓배송,3,"색상: 인디 블랙, 저장용량 × RAM용량 × 운영체제: 512GB × 8GB × Free DOS","CPU 모델명: 코어i5, CPU 모델 번호: 코어i5-1340P, 중량: 1.76kg, 출시년월: 2023.06, CPU 기본속도: 1.9GHz, 쿠팡상품번호: 7462617107 - 19454671642",https://www.coupang.com/vp/products/7462617107?itemId=19454671642&vendorItemId=86565249872
,"LG 울트라PC 15U560 6세대 i5 HD520 15.6인치 윈도우10
            15U560 · WIN10 · 8GB · 628GB · 코어i5 · 화이트",,"288,000원",(주)엘도라도,없음,,"저장장치: HDD+SSD, 색상계열: 화이트, 내장마이크 탑재여부: 내장마이크, 화면크기(인치): 15.6인치, 가전 모델: LG 울트라PC, 쿠팡상품번호: 7724065197 - 20737564655",https://www.coupang.com/vp/products/7724065197?itemId=20737564655&vendorItemId=87808008787
,[LG 14Z950] 그램노트북 인텔 5세대 i5-5200 8G SSD256G 윈10 14풀HD,,"287,000원",(주)카이로스,없음,"색상: 화이트, CPU 모델명 × 저장용량 × RAM용량 × 운영체제: 코어i5 × 256GB × 8GB × WIN10 Pro","해상도 (해상도 등급): FHD, 저장장치: SSD, 색상계열: 화이트, 내장마이크 탑재여부: 내장마이크, 그래픽카드 형태: 미장착, 쿠팡상품번호: 7896728819 - 21632309819",https://www.coupang.com/vp/products/7896728819?itemId=21632309819&vendorItemId=87899341520
삼성전자,"삼성노트북 NT550XED-K24A 윈도우11탑재 가성비 인강용 사무용 학생용 업무용 노트북 추천 한컴오피스 증정
            그라파이트 · NT550XED-K24A · 펜티엄 · 128GB · 8GB · Windows11Pro",,"579,000원",주식회사 브랜드텍,없음,,"해상도 (해상도 등급): FHD, 패널: PLS, 저장장치: HDD+SSD, 코어 종류: 펜타코어, 색상계열: 그라파이트, 쿠팡상품번호: 7761832619 - 20932936461",https://www.coupang.com/vp/products/7761832619?itemId=20932936461&vendorItemId=87802699270
LG전자,LG전자 2021 울트라 PC 14 셀러론,,"489,600원",로켓배송,3,"색상: 화이트, 저장용량 × RAM용량 × 운영체제 × 모델명/품번: 128GB × 4GB × WIN11 Home × 14U30P-LE12K","CPU 모델명: 셀러론, CPU 모델 번호: 셀러론N4120, 화면크기: 35.5cm, 중량: 1450g, 출시년월: 2021.11, 쿠팡상품번호: 6372763434 - 19064151414",https://www.coupang.com/vp/products/6372763434?itemId=19064151414&vendorItemId=86187002175
레노버,레노버 2023 아이디어패드 슬림 3 15IAH8 코어i5 인텔 12세대,"739,000원","738,000원",로켓배송,4,"색상: ARCTIC GREY, 저장용량 × RAM용량 × 운영체제 × 모델명/품번: 512GB × 16GB × Free DOS × 83ER0060KR","CPU 모델명: 코어i5, CPU 모델 번호: i5-12450H, 중량: 1.62kg, 출시년월: 2023.08, 그래픽카드 형태: 외장그래픽카드 장착, 쿠팡상품번호: 7743816755 - 20841101281",https://www.coupang.com/vp/products/7743816755?itemId=20841101281&vendorItemId=87908831614
,베이직스 2022 베이직북 14 3세대 셀러론,,"398,000원",로켓배송,없음,"색상: White, 저장용량 × RAM용량 × 운영체제: 256GB × 8GB × WIN11 Pro","CPU 모델명: 셀러론, CPU 모델 번호: 셀러론-N5100, 중량: 1.35kg, 출시년월: 2022.07, 화면크기(인치): 약 14.1인치에 해당함, 쿠팡상품번호: 6662026640 - 15294714959",https://www.coupang.com/vp/products/6662026640?itemId=15294714959&vendorItemId=82515116791
LG전자,LG 울트라PC 15U560 6세대 코어i5 8G SSD128GB Win10 화이트,,"294,000원",주식회사세컨핸드,없음,"운영체제: WIN10 Home, RAM용량 × 저장용량 × CPU 모델명 × 색상: 8GB × 128GB × 코어i5 × 화이트","저장장치: SSD, 가전 모델: LG 울트라PC, 색상계열: 화이트, 내장마이크 탑재여부: 내장마이크, 쿠팡상품번호: 6357416487 - 13404619609",https://www.coupang.com/vp/products/6357416487?itemId=13404619609&vendorItemId=86251209576
HP,"HP 2023 빅터스 15 코어i5 인텔 12세대 지포스 RTX 4050
            Mica Silver · 512GB · 16GB · Free DOS · 15-fa1108TX","1,139,000원","1,138,000원",로켓배송,2,,"CPU 모델명: 코어i5, CPU 모델 번호: i5-12500H, GPU 모델명: 지포스 RTX 4050, 화면크기: 39.6cm, 중량: 2.29kg, 쿠팡상품번호: 7420594832 - 19248300034",https://www.coupang.com/vp/products/7420594832?itemId=19248300034&vendorItemId=86364111900
레노버,레노버 2023 V15 G4 AMN 15.6 라이젠5 라이젠 7000 시리즈,"509,000원","379,000원",로켓배송,3,"색상: ARCTIC GREY, 저장용량 × RAM용량 × 운영체제 × 모델명/품번: 256GB × 8GB × Free DOS × 82YU000BKR","CPU 모델명: 라이젠5, CPU 모델 번호: 라이젠5-7520U, 중량: 1.65kg, 출시년월: 2023.04, 화면크기(인치): 약 15.6인치에 해당함, 쿠팡상품번호: 7485387396 - 19564829329",https://www.coupang.com/vp/products/7485387396?itemId=19564829329&vendorItemId=86672724494
삼성전자,삼성노트북 NT371B5J 사무용노트북,,"299,000원",주식회사 노트몰,없음,"운영체제: WIN10 Pro, RAM용량 × 저장용량 × CPU 모델명 × 색상: 16GB × 240GB × 코어i5 × 블랙","저장장치: SSD, 내장마이크 탑재여부: 내장마이크, 그래픽카드 형태: 외장그래픽카드 장착, 저장장치 인터페이스: M.2 NVMe, 쿠팡상품번호: 7581844823 - 19759845767",https://www.coupang.com/vp/products/7581844823?itemId=19759845767&vendorItemId=86863192396
HP,HP 2023 노트북 255 G10 15.6 라이젠5 라이젠 7000 시리즈,"589,000원","588,000원",로켓배송,없음,"색상: 실버, 저장용량 × RAM용량 × 운영체제 × 모델명/품번: 256GB × 8GB × Free DOS × 8L8J5PA","CPU 모델명: 라이젠5, CPU 모델 번호: 라이젠5-7520U, 화면크기: 39.6cm, 중량: 1.52kg, 출시년월: 2023.03, 쿠팡상품번호: 7589589691 - 20052820397",https://www.coupang.com/vp/products/7589589691?itemId=20052820397&vendorItemId=87149010268
레노버,"레노버 2023 V14 G4 IRU 코어i3 인텔 13세대
            Iron Gray · 256GB · 16GB · Free DOS · 83A00006KR","465,570원","405,570원",로켓배송,없음,,"CPU 모델명: 코어i3, CPU 모델 번호: 코어i3-1315U, 중량: 1.41kg, 출시년월: 2023.07, 그래픽카드 형태: 미장착, 쿠팡상품번호: 7539256992 - 20470198304",https://www.coupang.com/vp/products/7539256992?itemId=20470198304&vendorItemId=87537340769
LG전자,LG 2023 울트라PC 엣지 16 라이젠5 라이젠 7000 시리즈,"1,118,000원","983,840원",로켓배송,6,"색상: 차콜 그레이, 저장용량 × RAM용량 × 운영체제 × 모델명/품번: 256GB × 16GB × WIN11 Home × 16U70R-GA56K","CPU 모델명: 라이젠5, CPU 모델 번호: 라이젠5-7530U, 화면크기: 40.6cm, 중량: 1600g, 출시년월: 2023.04, 쿠팡상품번호: 7355142712 - 18852975566",https://www.coupang.com/vp/products/7355142712?itemId=18852975566&vendorItemId=85982221277
,삼성전자 삼성노트북 NT200B5C/i5-3210/4G/SSD128G/DVD멀티/15.6/1600*900/윈도우10/2.3kg/무상보증1년,,"179,000원",에스엔에스 시스템,2,운영체제 × RAM용량 × 저장용량 × CPU 모델명 × 색상: WIN10 Pro × 4GB × 128GB × 코어i5 × 블랙,"저장장치: SSD, 내장마이크 탑재여부: 내장마이크, 그래픽카드 형태: 외장그래픽카드 장착, 쿠팡상품번호: 6431304215 - 13881662519",https://www.coupang.com/vp/products/6431304215?itemId=13881662519&vendorItemId=81135207478
LG전자,"중고노트북 삼성 LG HP DELL 레노버 한성 ASUS 정품윈도우 SSD 대화면 노트북
            14/15인치 · WIN10 Home · 4GB · 128GB · 코어i5 · 블랙","109,000원","99,000원",(주)에스와이씨앤아이,없음,,"저장장치: SSD, 색상계열: 블랙, 내장마이크 탑재여부: 내장마이크, 그래픽카드 형태: 미장착, 저장장치 인터페이스: M.2 NVMe, 쿠팡상품번호: 7376292269 - 19039045811",https://www.coupang.com/vp/products/7376292269?itemId=19039045811&vendorItemId=86251127041
LG전자,"LG전자 2023 울트라 PC 15 코어i3 인텔 13세대
            화이트 · 256GB · 8GB · WIN11 Home · 15U50R-GR30K","895,000원","805,500원",로켓배송,없음,,"CPU 모델명: 코어i3, CPU 모델 번호: 코어i3-1315U, 화면크기: 39.6cm, 중량: 1.8kg, 출시년월: 2023.05, 쿠팡상품번호: 7983748736 - 22166799149",https://www.coupang.com/vp/products/7983748736?itemId=22166799149&vendorItemId=89213271709
HP,HP 2024 노트북 15 코어i3 인텔 13세대,"639,000원","599,000원",로켓배송,3,"색상: 다이아몬드 화이트(커버) + 내추럴 실버(베이스), 저장용량 × RAM용량 × 운영체제: 512GB × 8GB × WIN11 Home","CPU 모델명: 코어i3, CPU 모델 번호: i3-1315U, 화면크기: 39.6cm, 중량: 1.59kg, 출시년월: 2024.01, 쿠팡상품번호: 7812122926 - 21193117761",https://www.coupang.com/vp/products/7812122926?itemId=21193117761&vendorItemId=88254439621
삼성전자,삼성 LG HP 노트북 i5 가정 업무 게임 포토샵 주식용 Win10 무상1년 사은품,"289,000원","286,000원",윤텍,없음,색상 × CPU 모델명 × 저장용량 × RAM용량 × 운영체제: 실버/블랙 × i5 4200 × 500GB × 8GB × Win10,"ODD장착여부: ODD장착, 그래픽카드 형태: 미장착, SSD용량: 500, 화면크기(인치): 15, GPU 모델명: 인텔HD, 쿠팡상품번호: 7527467832 - 19756553422",https://www.coupang.com/vp/products/7527467832?itemId=19756553422&vendorItemId=88166484474
,삼성전자 갤럭시북4 15.6 코어I5 13세대 한컴오피스팩 및 무선마우스 정품 윈도우11 패키지 동봉,"1,079,000원","1,049,000원",(주)한사랑씨앤씨,없음,"운영체제: WIN11 Home, RAM용량 × 저장용량 × 색상: 16GB × 512GB × 그레이","저장장치: SSD, 색상계열: 그레이, 내장마이크 탑재여부: 내장마이크, 화면크기(인치): 15.6, 가전 모델: Galaxy Book, 쿠팡상품번호: 7991194687 - 22212816611",https://www.coupang.com/vp/products/7991194687?itemId=22212816611&vendorItemId=89258837393
에이수스,"에이수스 2023 비보북 15 코어i5 인텔 13세대
            콰이어트 블루 · 256GB · 8GB · Free DOS · X1502VA-BQ079",,"649,000원",주식회사 에이블컴파니,3,,"CPU 모델명: 코어i5, CPU 모델 번호: 코어i5-13500H, 중량: 1.7kg, 출시년월: 2023.02, 그래픽카드 형태: 미장착, 쿠팡상품번호: 7813671086 - 18344360011",https://www.coupang.com/vp/products/7813671086?itemId=18344360011&vendorItemId=85871081496
LG전자,LG전자 그램 14 코어 울트라5 인텔 Iris,"1,390,000원","1,209,300원",로켓배송,없음,"색상: 에센스 화이트, 저장용량 × RAM용량 × 운영체제 × 모델명/품번: 256GB × 8GB × WIN11 Home × 14Z90S-GR5CK","CPU 모델명: 코어Ultra5, 출시년월: 2024년 1월, 저장장치: SSD, 가전 모델: 그램 인텔 Iris, 내장마이크 탑재여부: 내장마이크, 쿠팡상품번호: 7792795332 - 21086817496",https://www.coupang.com/vp/products/7792795332?itemId=21086817496&vendorItemId=88148892190
삼성전자,"삼성노트북 NT301E5C-A i5 DDR3 8G SSD 128G 윈10
            NT301E5C-A · WIN10 · 16GB · 128GB · 블랙",,"190,000원",하프전자(주),없음,,"메모리종류: DDR3, 화면크기(인치): 15.6인치, 저장장치: SSD, CPU 모델명: 코어i5, 색상계열: 블랙, 쿠팡상품번호: 7978510641 - 22126355482",https://www.coupang.com/vp/products/7978510641?itemId=22126355482&vendorItemId=89173185019
삼성전자,삼성 노트북3 NT371B5J I5-4310M/8G/SSD256G/HD4600/15.6/WIN10,,"189,000원",C&TEC,없음,"운영체제: WIN10, RAM용량 × 저장용량 × CPU 모델명 × 색상: 8GB × 256GB × I5 × 투톤","저장장치: SSD, 그래픽카드 형태: 미장착, 가전 모델: Notebook 3, 저장장치 인터페이스: M.2 NVMe, 색상계열: 블랙, 쿠팡상품번호: 7581844823 - 21581453330",https://www.coupang.com/vp/products/7581844823?itemId=21581453330&vendorItemId=88641369927
삼성전자,"A급중고 삼성전자 노트북9 metal 초경량 NT901X5J인텔 7세대 i5 메모리 8GB 초고속 SSD 장착 15.6인치 FHD 윈도우10 설치
            미네랄 화이트 · NT901X5J · 코어i5 · 256GB · 8GB · WIN10 Pro",,"349,000원",에스엔에스 시스템,없음,,"해상도 (해상도 등급): FHD, 저장장치: SSD, 색상계열: 블랙, 내장마이크 탑재여부: 내장마이크, 그래픽카드 형태: 미장착, 쿠팡상품번호: 7694779544 - 20586122179",https://www.coupang.com/vp/products/7694779544?itemId=20586122179&vendorItemId=83443669935
삼성전자,삼성 노트북 I3-3210 4G ssd120G,,"149,000원",명진테크,없음,"색상: 단일색상, CPU 모델명 × 저장용량 × RAM용량 × 운영체제: 코어i5 3210 × 120GB × 4GB × WIN10 Home","저장장치: SSD, 색상계열: 블랙, 내장마이크 탑재여부: 내장마이크, 그래픽카드 형태: 외장그래픽카드 장착, 쿠팡상품번호: 7650834051 - 20356479016",https://www.coupang.com/vp/products/7650834051?itemId=20356479016&vendorItemId=88419754026
삼성전자,가성비 좋은 삼성 노트북 i5 4세대 8G SSD 240 NT370E5J,,"175,000원",주식회사 림성,없음,"운영체제: WIN10, RAM용량 × 저장용량 × 색상: 8GB × 240GB × 블랙그레이","저장장치: SSD, 쿠팡상품번호: 7905884013 - 21679735114",https://www.coupang.com/vp/products/7905884013?itemId=21679735114&vendorItemId=88729875373
,A급중고 Miix 700 2 IN 1 인텔 m5-6Y54/8G/128G/13.3 FHD+터치스크린/WIN10,,"198,000원",에스엔에스 시스템,없음,"운영체제: WIN10, RAM용량 × 저장용량 × 색상: 8GB × 128GB × 골드","내장마이크 탑재여부: 내장마이크, 가전 모델: Notebook 5, 색상계열: 블랙, 코어 종류: 쿼드코어, 저장장치 인터페이스: M.2 SATA, 쿠팡상품번호: 7827957340 - 21282154977",https://www.coupang.com/vp/products/7827957340?itemId=21282154977&vendorItemId=88342229597
삼성전자,"삼성노트북 NT301E5C-A i5 DDR3 8G SSD 128G 윈10
            NT301E5C-A · WIN10 · 16GB · 256GB · 블랙",,"210,000원",하프전자(주),없음,,"메모리종류: DDR3, 화면크기(인치): 15.6인치, 저장장치: SSD, CPU 모델명: 코어i5, 색상계열: 블랙, 쿠팡상품번호: 7978510641 - 22126355484",https://www.coupang.com/vp/products/7978510641?itemId=22126355484&vendorItemId=89173185024
,A급중고/삼성/LG/HP I5 I7 리퍼 중고노트북 리퍼노트북 게이밍노트북 기본SSD장착 WIN10,,"149,000원",에스엔에스 시스템,없음,"모델명/품번: HP 430-G2, 운영체제 × RAM용량 × 저장용량 × CPU 모델명 × 색상: WIN10 Pro × 8GB × 128GB × 코어i5 × 블랙","저장장치: SSD, 색상계열: 블랙, 내장마이크 탑재여부: 내장마이크, 그래픽카드 형태: 미장착, 저장장치 인터페이스: M.2 SATA, 쿠팡상품번호: 7292982699 - 18644389198",https://www.coupang.com/vp/products/7292982699?itemId=18644389198&vendorItemId=85790839977
HP,"HP 2024 노트북 15 N100
            실버 · 128GB · 4GB · WIN11 S · 15-fd0247TU","399,000원","354,460원",로켓배송,3,,"CPU 모델 번호: N100, 화면크기: 39.6cm, 중량: 1.59kg, 출시년월: 2024.01, 해상도 (해상도 등급): FHD, 쿠팡상품번호: 7812159807 - 21193285017",https://www.coupang.com/vp/products/7812159807?itemId=21193285017&vendorItemId=88254604343
,"LG전자 울트라PC 15U470 i5-7200U 16G Win10
            15U470 · win10 · 16GB · 1256GB · 코어i5 · 화이트",,"395,000원",(주)엘도라도,없음,,"저장장치: HDD+SSD, 코어 종류: 듀얼코어, 색상계열: 화이트, 내장마이크 탑재여부: 내장마이크, 그래픽카드 형태: 외장그래픽카드 장착, 쿠팡상품번호: 7353085098 - 18926590807",https://www.coupang.com/vp/products/7353085098?itemId=18926590807&vendorItemId=86053529976
,"LG 울트라PC 15U560 6세대 i5 8G SSD Win10
            8GB · SSD 128 · 포함",,"294,000원",주식회사세컨핸드,없음,,"저장장치: HDD, 가전 모델: LG 울트라PC, 내장마이크 탑재여부: 내장마이크, 코어 종류: 듀얼코어, 색상계열: 화이트, 쿠팡상품번호: 5000628409 - 6684443376",https://www.coupang.com/vp/products/5000628409?itemId=6684443376&vendorItemId=73978137925
삼성전자,삼성전자 NT371B5L I7 16G 신품 SSD512 920MX WIN10,,"379,000원",(주)에스와이씨앤아이,없음,"색상: 블랙, 저장용량 × RAM용량: 512GB × 16GB","저장장치: SSD, 내장마이크 탑재여부: 내장마이크, 화면크기: 39.62cm, 화면크기(인치): 15.6인치, 가전 모델: 노트북 3, 쿠팡상품번호: 5269169030 - 7504936507",https://www.coupang.com/vp/products/5269169030?itemId=7504936507&vendorItemId=74795720729
,"A급중고 DELL 레티튜드 E7470 i5-6300U/8G/SSD256G/HD520/14/WIN10 명품노트북 인강용
            E7470 · WIN10 Pro · 8GB · 256GB · 코어i5 · 블랙",,"199,000원",에스엔에스 시스템,없음,,"저장장치: SSD, 코어 종류: 듀얼코어, 색상계열: 블랙, 내장마이크 탑재여부: 내장마이크, 그래픽카드 형태: 미장착, 쿠팡상품번호: 7460811136 - 20262090326",https://www.coupang.com/vp/products/7460811136?itemId=20262090326&vendorItemId=81131278678
삼성전자,삼성전자 NT371B5J i5 8G SSD256GB Win11,,"247,000원",(주)에스와이씨앤아이,없음,,"저장장치: SSD, 코어 종류: 듀얼코어, 내장마이크 탑재여부: 내장마이크, 그래픽카드 형태: 외장그래픽카드 장착, 쿠팡상품번호: 7694973129 - 20587023069",https://www.coupang.com/vp/products/7694973129?itemId=20587023069&vendorItemId=82559002569
,삼성 노트북3 NT371B5J I5-4310M/8G/SSD256G/HD4600/15.6/WIN10,,"238,000원",에스엔에스 시스템,없음,"운영체제: WIN10 Home, RAM용량 × 저장용량 × CPU 모델명 × 색상: 8GB × 256GB × 코어i5 × 블랙","저장장치: SSD, 내장마이크 탑재여부: 내장마이크, 그래픽카드 형태: 미장착, 가전 모델: Notebook 3, 저장장치 인터페이스: M.2 NVMe, 쿠팡상품번호: 7581844823 - 14384439272",https://www.coupang.com/vp/products/7581844823?itemId=14384439272&vendorItemId=81134022482
LG전자,LG 8세대 GRAM 14Z980 코어i5 16GB SSD256GB Win10,,"559,000원",주식회사세컨핸드,2,"모델명/품번: 14Z980, 운영체제 × RAM용량 × 저장용량 × CPU 모델명 × 색상: WIN10 Pro × 16GB × 256GB × 코어i5 × 화이트","SSD용량: 256GB, CPU 세대: 인텔 8세대, CPU브랜드: 인텔, 화면크기(인치): 14, 가전 모델: 그램, 쿠팡상품번호: 6458262639 - 14045718625",https://www.coupang.com/vp/products/6458262639?itemId=14045718625&vendorItemId=87474683018
삼성전자,[한정수량] 15인치 코어i5 램 8G SSD 240G WIN10 삼성노트북 랜덤발송,,"170,000원",하프전자(주),없음,"운영체제: WIN10, RAM용량 × 저장용량 × 색상: 8GB × 240GB × 랜덤","SSD용량: 240GB, 메모리종류: DDR3, 저장장치: SSD, 화면크기(인치): 15, CPU 모델명: 코어i5, 쿠팡상품번호: 7925795277 - 21788417959",https://www.coupang.com/vp/products/7925795277?itemId=21788417959&vendorItemId=88837102067
주연테크,"주연테크 2023 캐리북T 13.3 펜티엄 실버
            메탈 · 128GB · 4GB · WIN11 Pro · J3GP Pro","348,190원","330,780원",로켓배송,2,,"CPU 모델명: 펜티엄 실버, CPU 모델 번호: N5000, GPU 모델명: 인텔 UHD 그래픽스 605, 화면크기: 33.7cm, 중량: 1.2kg, 쿠팡상품번호: 7413181963 - 2808814534",https://www.coupang.com/vp/products/7413181963?itemId=2808814534&vendorItemId=70798384730
,"LG 울트라PC 15U560 6세대 i5 지포스940M 15.6인치 윈도우10
            8GB · 15U560 · WIN10 Pro · 628GB · 코어i5 · 화이트",,"499,000원",에스엔에스 시스템,없음,,"색상계열: 화이트, 내장마이크 탑재여부: 내장마이크, 그래픽카드 형태: 외장그래픽카드 장착, 그래픽 브랜드: NVIDIA, 화면크기(인치): 15.6인치, 쿠팡상품번호: 6359373947 - 13418949659",https://www.coupang.com/vp/products/6359373947?itemId=13418949659&vendorItemId=81165660205
삼성전자,삼성전자 시리즈3 NT301E5C i5-3210M 4G SSD128 Win10,,"139,000원",(주)에스와이씨앤아이,없음,"운영체제: WIN10 Pro, RAM용량 × 저장용량 × CPU 모델명 × 색상: 4GB × 128GB × 코어i5","저장장치: SSD, 코어 종류: 듀얼코어, CPU브랜드: 인텔, CPU 종류: i5, 색상계열: 블랙, 쿠팡상품번호: 6461078951 - 14061226032",https://www.coupang.com/vp/products/6461078951?itemId=14061226032&vendorItemId=81308548818
레노버,"레노버 씽크패드 T460S I5-6200U/8GB/SSD256GB/HD620/14인치/WIN10 PRO
            블랙 · T460S · I5 · 256GB · 8GB · WIN10 Pro",,"199,000원",에스엔에스 시스템,없음,,"저장장치: SSD, 코어 종류: 쿼드코어, 색상계열: 블랙, 내장마이크 탑재여부: 내장마이크, 그래픽카드 형태: 미장착, 쿠팡상품번호: 7677818783 - 20499422907",https://www.coupang.com/vp/products/7677818783?itemId=20499422907&vendorItemId=86986275090
,"LG 울트라PC 15U560 6세대 i7 지포스940M 15.6인치 윈도우10
            15U560 · WIN10 · 8GB · 512GB · 코어i7 · 화이트",,"399,000원",(주)엘도라도,없음,,"저장장치: SSD, 색상계열: 화이트, 내장마이크 탑재여부: 내장마이크, 그래픽카드 형태: 외장그래픽카드 장착, 화면크기(인치): 15.6인치, 쿠팡상품번호: 6465302909 - 14089607895",https://www.coupang.com/vp/products/6465302909?itemId=14089607895&vendorItemId=87426161270
,LG XNOTE 15U560 I5-6300U/8G/SSD128G/HD520/15.6/WIN10,,"298,000원",에스엔에스 시스템,없음,운영체제: WIN10,"저장장치: SSD, 코어 종류: 듀얼코어, 내장마이크 탑재여부: 내장마이크, 그래픽카드 형태: 외장그래픽카드 장착, 화면크기(인치): 15.6인치, 쿠팡상품번호: 6431886792 - 13884262431",https://www.coupang.com/vp/products/6431886792?itemId=13884262431&vendorItemId=81134023248
LG전자,LG그램 17인치 15일 노트북렌탈 대여,,"59,900원",로켓배송,없음,"운영체제: WIN10, RAM용량 × 저장용량 × 색상: 16GB × 256GB × 화이트","패널: IPS, 화면크기(인치): 17, 중량: 1.35kg, CPU 모델명: 코어i5, 색상계열: 화이트, 쿠팡상품번호: 7891658887 - 21607399292",https://www.coupang.com/vp/products/7891658887?itemId=21607399292&vendorItemId=88658816241
LG전자,"LG전자 울트라PC 15인치 2023 최신 RAM 8GB SSD 256GB 윈도우11
            15UD40R-GX56K · WIN11 Home · 16GB · 512GB · 라이젠5 · 화이트",,"769,000원",두손밸리(주),없음,,"저장장치: SSD, 색상계열: 화이트, 내장마이크 탑재여부: 내장마이크, 그래픽카드 형태: 미장착, 화면크기(인치): 15인치, 쿠팡상품번호: 7704672281 - 21622597741",https://www.coupang.com/vp/products/7704672281?itemId=21622597741&vendorItemId=88673641047
삼성전자,삼성노트북 6세대 코어i5 블랙 사무용 8GB 128GB NT371B5L,"279,300원","265,050원",(주) 월드와이드메모리,없음,"색상: 블랙, CPU 모델명 × 저장용량 × RAM용량 × 운영체제: 코어i3 × 128GB × 8GB × WIN10","화면크기(인치): 15.6, 저장장치: SSD, 색상계열: 블랙, 내장마이크 탑재여부: 내장마이크, 그래픽카드 형태: 미장착, 쿠팡상품번호: 7679648453 - 20508847294",https://www.coupang.com/vp/products/7679648453?itemId=20508847294&vendorItemId=86364042646
MSI,MSI 2023 모던 14 라이젠5 라이젠 7000 시리즈,"589,000원","489,000원",로켓배송,4,"색상: 매트블랙, 저장용량 × RAM용량 × 운영체제 × 모델명/품번: 512GB × 8GB × Free DOS × MODERN 14 C7M-237XKR","CPU 모델명: 라이젠5, CPU 모델 번호: R5-7530U, 화면크기: 35.5cm, 중량: 1.4kg, 출시년월: 2023.09, 쿠팡상품번호: 7648407878 - 20343577592",https://www.coupang.com/vp/products/7648407878?itemId=20343577592&vendorItemId=87428295010
삼성전자,삼성 NT551EBE 8세대 i5 램8G SSD256 윈10 중고노트북,,"329,000원",에스엔에스 시스템,2,"색상: 단일색상, CPU 모델명 × 저장용량 × RAM용량 × 운영체제: 코어i5 × 256GB × 8GB × WIN10","저장장치: SSD, 코어 종류: 쿼드코어, 색상계열: 블랙, 내장마이크 탑재여부: 내장마이크, 화면크기(인치): 15.6인치, 쿠팡상품번호: 6545083239 - 17564518650",https://www.coupang.com/vp/products/6545083239?itemId=17564518650&vendorItemId=88267274694
에이수스,에이수스 2023 비보북 15 코어i3 인텔 12세대,,"452,050원",로켓배송,4,"색상: 쿨 실버, 저장용량 × RAM용량 × 운영체제: 256GB × 16GB × Free DOS","CPU 모델명: 코어i3, CPU 모델 번호: i3-1215U, 화면크기: 39.6cm, 중량: 1.7kg, 출시년월: 2023.09, 쿠팡상품번호: 7614895040 - 20469774084",https://www.coupang.com/vp/products/7614895040?itemId=20469774084&vendorItemId=87537341443
삼성전자,삼성 노트북 NT200B5C-A i5 DDR3 8G SSD 128G 윈10,,,로켓배송,,,,https://www.coupang.com/vp/products/7944366871?itemId=21898829242&vendorItemId=88946872374
삼성전자,삼성 노트북 NT200B5C-A i5 DDR3 8G SSD 128G 윈10,,,로켓배송,,,,https://www.coupang.com/vp/products/7944366871?itemId=21898829249&vendorItemId=88946872429
삼성전자,"A급중고 삼성전자 노트북9 metal 초경량 NT901X5J인텔 7세대 i5 메모리 8GB 초고속 SSD 장착 15.6인치 FHD 윈도우10 설치
            미네랄 화이트 · NT901X5J · 코어i5 · 512GB · 8GB · WIN10 Pro",,"399,000원",에스엔에스 시스템,없음,,"해상도 (해상도 등급): FHD, 저장장치: SSD, 색상계열: 블랙, 내장마이크 탑재여부: 내장마이크, 그래픽카드 형태: 미장착, 쿠팡상품번호: 7694779544 - 20586122178",https://www.coupang.com/vp/products/7694779544?itemId=20586122178&vendorItemId=83443669922
삼성전자,삼성 LG HP 노트북 i5 가정 업무 게임 포토샵 주식용 Win10 무상1년 사은품,,"246,000원",윤텍,없음,색상 × CPU 모델명 × 저장용량 × RAM용량 × 운영체제: 실버/블랙 × i5 6200 × 240GB × 8GB × Win10,"그래픽카드 형태: 외장그래픽카드 장착, 색상계열: 블랙, 내장마이크 탑재여부: 내장마이크, 저장장치 인터페이스: M.2 NVMe, 쿠팡상품번호: 7527467832 - 21096939083",https://www.coupang.com/vp/products/7527467832?itemId=21096939083&vendorItemId=88166484447
,베이직스 2023 베이직북S 10.1 셀러론,,"398,000원",로켓배송,2,"색상: White, 저장용량 × RAM용량 × 운영체제: 128GB × 8GB × WIN11 Pro","CPU 모델명: 셀러론, CPU 모델 번호: 셀러론-N4100, 화면크기: 25.54cm, 중량: 1.13kg, 출시년월: 2023.03, 쿠팡상품번호: 7250974223 - 18445032975",https://www.coupang.com/vp/products/7250974223?itemId=18445032975&vendorItemId=85586013127
레노버,"레노버 2023 V15 G4 코어i5 인텔 13세대
            Iron Gray · 256GB · 8GB · Free DOS · 83A10001KR","619,000원","489,000원",로켓배송,3,,"CPU 모델명: 코어i5, CPU 모델 번호: i5-1335U, 중량: 1.67kg, 출시년월: 2023.06, 그래픽카드 형태: 미장착, 쿠팡상품번호: 7598185753 - 20093099130",https://www.coupang.com/vp/products/7598185753?itemId=20093099130&vendorItemId=87188429638
아이뮤즈,"아이뮤즈 2020 스톰북 14.1 셀러론
            White · 64GB · 4GB · WIN10 Home · StormBooK14",,"231,830원",로켓배송,없음,,"CPU 모델명: 셀러론, CPU 모델 번호: N4020, GPU 모델명: 인텔 HD 그래픽스 500, 화면크기: 35.814cm, 중량: 1.3kg, 쿠팡상품번호: 1797052276 - 3114075481",https://www.coupang.com/vp/products/1797052276?itemId=3114075481&vendorItemId=71101814090
,A급중고/삼성/LG/HP I5 I7 리퍼 중고노트북 리퍼노트북 게이밍노트북 기본SSD장착 WIN10,,"179,000원",에스엔에스 시스템,없음,"모델명/품번: 삼성 NT200B5C 지포스, 운영체제 × RAM용량 × 저장용량 × CPU 모델명 × 색상: WIN10 Pro × 8GB × 128GB × 코어i5 × 블랙","저장장치: SSD, 색상계열: 블랙, 내장마이크 탑재여부: 내장마이크, 그래픽카드 형태: 외장그래픽카드 장착, 저장장치 인터페이스: M.2 SATA, 쿠팡상품번호: 7292982699 - 18644591100",https://www.coupang.com/vp/products/7292982699?itemId=18644591100&vendorItemId=85790839818
,LG전자 그램 14 화이트 노트북 14Z980 코어i5-8250U 램12GB SSD256GB 윈10 탑재,"589,000원","559,550원",룰루메딕 주식회사,없음,"모델명/품번: 14Z980, 운영체제 × RAM용량 × 저장용량 × CPU 모델명 × 색상: WIN10 Home × 12GB × 256GB × 코어i5 8250U × 화이트","SSD용량: 256GB, CPU 세대: 인텔 8세대, CPU브랜드: 인텔, 가전 모델: LG 그램, 저장장치: SSD, 쿠팡상품번호: 6458262639 - 16386429388",https://www.coupang.com/vp/products/6458262639?itemId=16386429388&vendorItemId=83577788207
삼성전자,삼성 아티브북9 NT900 i7-4500 8G SSD256G Win10 중고노트북 베터리 50% 이상 보증,,"209,000원",(주)남강컴퓨터,없음,"운영체제: WIN10, RAM용량 × 저장용량 × 색상: 8GB × 256GB × 실버","저장장치: SSD, 내장마이크 탑재여부: 내장마이크, 가전 모델: 아티브북, 해상도 (해상도 등급): FHD, 패널: TN, 쿠팡상품번호: 7991213226 - 22212893795",https://www.coupang.com/vp/products/7991213226?itemId=22212893795&vendorItemId=89276920539
삼성전자,"삼성노트북 NT550XED-K24A 윈도우11탑재 가성비 인강용 사무용 학생용 업무용 노트북 추천 한컴오피스 증정
            그라파이트 · NT550XED-K24A · 펜티엄 · 256GB · 8GB · Windows11Pro",,"609,000원",주식회사 브랜드텍,없음,,"해상도 (해상도 등급): FHD, 패널: PLS, 저장장치: HDD+SSD, 코어 종류: 펜타코어, 색상계열: 그라파이트, 쿠팡상품번호: 7761832619 - 20932936460",https://www.coupang.com/vp/products/7761832619?itemId=20932936460&vendorItemId=87802699290
에이수스,"에이수스 2022 익스퍼트북 B1 14 셀러론
            블랙 · B1400CEAE · 셀러론 · 128GB · 4GB · WIN11 Pro",,"329,000원",주식회사 에이블컴파니,없음,,"저장장치: SSD, 색상계열: 블랙, 내장마이크 탑재여부: 내장마이크, 가전 모델: ExpertBook, 그래픽카드 형태: 미장착, 쿠팡상품번호: 7811544872 - 21190701225",https://www.coupang.com/vp/products/7811544872?itemId=21190701225&vendorItemId=88538022792
삼성전자,삼성 초경량 13.3 중고노트북 NT911S3K i5-5200U 4GB SSD256GB WIN10,,"175,000원",(주)제이티지,없음,"운영체제: WIN10, RAM용량 × 저장용량 × 색상: 4GB × 256GB × 네이비","SSD용량: 256, 메모리종류: DDR3, CPU브랜드: 인텔, 화면크기(인치): 13, 색상계열: 네이비, 쿠팡상품번호: 7844834959 - 21365517110",https://www.coupang.com/vp/products/7844834959?itemId=21365517110&vendorItemId=88422931810
레노버,"레노버 2023 아이디어패드 슬림 3 15ABR8 15.6 라이젠5 라이젠 7000 시리즈
            ARCTIC GREY · 256GB · 16GB · WIN11 Home · 82XM0039KR","749,000원","649,000원",로켓배송,3,,"CPU 모델명: 라이젠5, 출시년월: 2023.03, 화면크기(인치): 약 15.6인치에 해당함, 그래픽카드 형태: 미장착, 저장장치: NVMe, 쿠팡상품번호: 7167043809 - 19658393157",https://www.coupang.com/vp/products/7167043809?itemId=19658393157&vendorItemId=86757218254
레노버,레노버 2022 ThinkPad E15 G4 15.6 라이젠5 라이젠 5000 시리즈,"629,000원","550,150원",로켓배송,3,"색상: Black, 저장용량 × RAM용량 × 운영체제 × 모델명/품번: 256GB × 8GB × Free DOS × 21ED004EKD","CPU 모델명: 라이젠5, CPU 모델 번호: 라이젠5-5625U, GPU 모델명: AMD Radeon Graphics, 화면크기: 39.6cm, 중량: 1.78kg, 쿠팡상품번호: 7685586594 - 14472055834",https://www.coupang.com/vp/products/7685586594?itemId=14472055834&vendorItemId=81715375492
삼성전자,삼성 노트북9 Always NT901X5T i7-8550U 램16G/8G SSD512G 윈10 (50대 한정 NVMe 1TB 무료UP),,"597,000원",(주)엘도라도,없음,"색상: 실버, CPU 모델명 × 저장용량 × RAM용량 × 운영체제: 코어i7 × 512GB × 16GB × WIN10 Pro","저장장치: SSD, 코어 종류: 쿼드코어, 색상계열: 실버, 내장마이크 탑재여부: 내장마이크, 가전 모델: Notebook 9, 쿠팡상품번호: 7650235412 - 20353401900",https://www.coupang.com/vp/products/7650235412?itemId=20353401900&vendorItemId=86616773392
삼성전자,"삼성노트북 NT301E5C-A i5 DDR3 8G SSD 128G 윈10
            NT301E5C-A · WIN10 · 4GB · 256GB · 블랙",,"170,000원",하프전자(주),없음,,"메모리종류: DDR3, 화면크기(인치): 15.6인치, 저장장치: SSD, CPU 모델명: 코어i5, 색상계열: 블랙, 쿠팡상품번호: 7978510641 - 22126355479",https://www.coupang.com/vp/products/7978510641?itemId=22126355479&vendorItemId=89173185012
레노버,레노버 2022 ThinkBook 15 G4 IAP 코어i5 인텔 12세대,"799,000원","534,000원",로켓배송,4,"색상: 미네랄 그레이, 저장용량 × RAM용량 × 운영체제 × 모델명/품번: 256GB × 16GB × Free DOS × 21DJ00C2KR","CPU 모델명: 코어i5, CPU 모델 번호: i5-1235U, GPU 모델명: 인텔 lris X Graphics, 중량: 1.7kg, 출시년월: 2022.04, 쿠팡상품번호: 7525138115 - 19657616152",https://www.coupang.com/vp/products/7525138115?itemId=19657616152&vendorItemId=86754747261
삼성전자,"삼성 노트북 15.6인치 NT371B5L 사무용 가정용 인강용 게이밍 롤 포토샵 i5 ssd탑재 윈10 pro
            단일색상 · NT371B5L · 코어i5 · 512GB · 16GB · WIN10 Pro",,"389,000원",아고라시스템즈,없음,,"저장장치: SSD, 내장마이크 탑재여부: 내장마이크, 화면크기(인치): 15.6, 저장장치 인터페이스: M.2 NVMe, 코어 종류: 쿼드코어, 쿠팡상품번호: 7310558711 - 20425617083",https://www.coupang.com/vp/products/7310558711?itemId=20425617083&vendorItemId=85838715729
레노버,"레노버 아이디어패드 Slim1-15ALC7
            15ALC7 · Free DOS · 8GB · 256GB · 실버",,"379,000원",주식회사메인CNS,없음,,"저장장치: SSD, 색상계열: 실버, 내장마이크 탑재여부: 내장마이크, 그래픽카드 형태: 미장착, 가전 모델: IdeaPad, 쿠팡상품번호: 7821567883 - 21246418697",https://www.coupang.com/vp/products/7821567883?itemId=21246418697&vendorItemId=88307015400
,삼성전자 갤럭시북 15.6 재택근무 학습용 노트북 한컴오피스팩 및 국내 정품 윈도우 패키지 동봉,"729,000원","699,000원",(주)한사랑씨앤씨,없음,모델명/품번 × 운영체제 × RAM용량 × 저장용량 × CPU 모델명 × 색상: NT550-I3 × WIN11 Home × 8GB × 250GB × 코어i3 × 실버,"저장장치: SSD, 색상계열: 실버, 내장마이크 탑재여부: 내장마이크, 그래픽카드 형태: 미장착, 화면크기(인치): 15.6인치, 쿠팡상품번호: 6703045034 - 15532761761",https://www.coupang.com/vp/products/6703045034?itemId=15532761761&vendorItemId=89292171900
에이수스,에이수스 2023 비보북 15 코어i3 인텔 12세대,,"538,900원",로켓배송,3,"색상: 쿨 실버, 저장용량 × RAM용량 × 운영체제: 256GB × 16GB × WIN11 Home","CPU 모델명: 코어i3, CPU 모델 번호: i3-1215U, 화면크기: 39.6cm, 중량: 1.7kg, 출시년월: 2023.09, 쿠팡상품번호: 7614895040 - 20469779642",https://www.coupang.com/vp/products/7614895040?itemId=20469779642&vendorItemId=87537608195
LG전자,LG전자 그램 14 코어 울트라5 인텔 Iris,"1,390,000원","1,209,300원",로켓배송,없음,"색상: 에센스 화이트, 저장용량 × RAM용량 × 운영체제 × 모델명/품번: 256GB × 8GB × WIN11 Home × 14Z90S-GR5CK","CPU 모델명: 코어Ultra5, 출시년월: 2024년 1월, 저장장치: SSD, 가전 모델: 그램 인텔 Iris, 내장마이크 탑재여부: 내장마이크, 쿠팡상품번호: 7792795332 - 21086817496",https://www.coupang.com/vp/products/7792795332?itemId=21086817496&vendorItemId=88148892190
에이수스,"에이수스 2024 비보북 15 코어i3 인텔 12세대
            쿨 실버 · 512GB · 8GB · Free DOS · X1504ZA-BQ1040","469,000원","468,000원",로켓배송,없음,,"CPU 모델명: 코어i3, CPU 모델 번호: 코어i3-1215U, 화면크기: 39.6cm, 중량: 1.7kg, 출시년월: 2024.03, 쿠팡상품번호: 7969218335 - 22066750339",https://www.coupang.com/vp/products/7969218335?itemId=22066750339&vendorItemId=89113893316
삼성전자,"삼성전자 노트북 9 metal NT901X5L i5-6200U 8G SSD Win10
            nt901x5l · WIN10 Home · 8GB · 512GB · 코어i5 · 단일색상","339,000원","322,100원",주식회사세컨핸드,3,,"SSD용량: 512GB, CPU 세대: 인텔 6세대 이하, CPU브랜드: 인텔, 가전 모델: NT901X5L, 모델 라인: 노트북, 쿠팡상품번호: 6455937069 - 14033324448",https://www.coupang.com/vp/products/6455937069?itemId=14033324448&vendorItemId=81281631954
,삼성전자 갤럭시북4 15.6 코어I5 13세대 한컴오피스팩 및 무선마우스 정품 윈도우11 패키지 동봉,"1,079,000원","1,049,000원",(주)한사랑씨앤씨,없음,"운영체제: WIN11 Home, RAM용량 × 저장용량 × 색상: 16GB × 512GB × 그레이","저장장치: SSD, 색상계열: 그레이, 내장마이크 탑재여부: 내장마이크, 화면크기(인치): 15.6, 가전 모델: Galaxy Book, 쿠팡상품번호: 7991194687 - 22212816611",https://www.coupang.com/vp/products/7991194687?itemId=22212816611&vendorItemId=89258837393
,삼성 노트북3 NT371B5J I5-4310M/16G/SSD512G/HD4600/15.6/WIN10,,"349,000원",에스엔에스 시스템,없음,"운영체제: WIN10 Pro, RAM용량 × 저장용량 × CPU 모델명 × 색상: 16GB × 512GB × 코어i5 × 블랙","저장장치: SSD, 내장마이크 탑재여부: 내장마이크, 그래픽카드 형태: 외장그래픽카드 장착, 가전 모델: Notebook 3, 저장장치 인터페이스: M.2 NVMe, 쿠팡상품번호: 7581844823 - 18821560888",https://www.coupang.com/vp/products/7581844823?itemId=18821560888&vendorItemId=85951869399
삼성전자,"삼성노트북 NT550XED-K24A 윈도우11탑재 가성비 인강용 사무용 학생용 업무용 노트북 추천 한컴오피스 증정
            실버 · NT550XED-K24A · 펜티엄 · 128GB · 8GB · Windows11Pro",,"579,000원",주식회사 브랜드텍,없음,,"해상도 (해상도 등급): FHD, 패널: PLS, 저장장치: HDD+SSD, 코어 종류: 펜타코어, 색상계열: 실버, 쿠팡상품번호: 7761832619 - 20932936469",https://www.coupang.com/vp/products/7761832619?itemId=20932936469&vendorItemId=87802699218
LG전자,LG 그램 14Z960 i5-6200 8G SSD256G Win10 가벼운 슬림한 노트북 980g,,"407,600원",주식회사세컨핸드,2,,"저장장치: SSD, 가전 모델: 그램14, 내장마이크 탑재여부: 있음, 색상계열: 화이트, 코어 종류: 듀얼코어, 쿠팡상품번호: 4846122865 - 6267715305",https://www.coupang.com/vp/products/4846122865?itemId=6267715305&vendorItemId=73563344463
레노버,"레노버 2023 아이디어패드 슬림 5i 14IRL 14 코어i5 인텔 13세대
            Cloud Grey · 512GB · 16GB · Free DOS · 82XD002XKR","999,000원","829,000원",로켓배송,6,,"CPU 모델명: 코어i5, CPU 모델 번호: i5-13500H, 화면크기: 35.5cm, 중량: 1.4kg, 출시년월: 2023.05, 쿠팡상품번호: 7355580399 - 18938714252",https://www.coupang.com/vp/products/7355580399?itemId=18938714252&vendorItemId=86065251632
LG전자,LG 노트북 그램 14Z980 가벼운 그램노트북 i5 DDR4 초고속 M.2 SSD 장착 윈도우10 프로,,"559,000원",에스엔에스 시스템,없음,"모델명/품번: 14Z980, 운영체제 × RAM용량 × 저장용량 × CPU 모델명 × 색상: WIN10 × 16GB × 256GB × 코어i5 × 화이트","가전 모델: LG 그램, 저장장치: SSD, 화면크기(인치): 14, 내장마이크 탑재여부: 내장마이크, 코어 종류: 쿼드코어, 쿠팡상품번호: 6458262639 - 20176278777",https://www.coupang.com/vp/products/6458262639?itemId=20176278777&vendorItemId=87268386180
에이수스,"에이수스 2022 익스퍼트북 B1 14 셀러론
            블랙 · B1400CEAE · 셀러론 · 256GB · 8GB · WIN11 Pro",,"379,000원",주식회사 에이블컴파니,없음,,"저장장치: SSD, 색상계열: 블랙, 내장마이크 탑재여부: 내장마이크, 가전 모델: ExpertBook, 그래픽카드 형태: 미장착, 쿠팡상품번호: 7811544872 - 21190701224",https://www.coupang.com/vp/products/7811544872?itemId=21190701224&vendorItemId=88538022826
삼성전자,"사무용 노트북 렌탈 대여 임대 사무용 가정용 회사용 관공서용 대량렌탈가능
            사무용노트북 · WIN11 Pro · 8GB · 128GB · 코어i5 · 30일",,"49,900원",로켓배송,없음,,"최대 배터리 사용시간: 3시간, 색상계열: 블랙, 코어 종류: 듀얼코어, 중량: 2.2kg, 저장장치 인터페이스: SATA, 쿠팡상품번호: 7202643336 - 18209661299",https://www.coupang.com/vp/products/7202643336?itemId=18209661299&vendorItemId=88659094050
에이수스,"에이수스 2024 비보북 고 15 코어i3 인텔 13세대
            쿨 실버 · 512GB · 8GB · Free DOS · E1504GA-BQ483","429,000원","410,930원",로켓배송,없음,,"CPU 모델명: 코어i3, CPU 모델 번호: 코어i3-N305, 중량: 1.63kg, 출시년월: 2024.01, CPU 기본속도: 1.8GHz, 쿠팡상품번호: 7923552475 - 21775970313",https://www.coupang.com/vp/products/7923552475?itemId=21775970313&vendorItemId=88824783499
LG전자,LG 울트라노트북 i5 6200U RAM 16GB SSD 1TB 윈10 15UB470,"539,000원","512,050원",씨디엠네트워크,없음,"운영체제: WIN10, RAM용량 × 저장용량 × CPU 모델명 × 색상: 16GB × 1TB × 코어i5 × 화이트","RAM/메모리 최대 용량: 16GB, SSD용량: 1TB, 메모리종류: DDR4, 화면크기(인치): 15.6, 저장장치: SSD, 쿠팡상품번호: 6848726966 - 16306703449",https://www.coupang.com/vp/products/6848726966?itemId=16306703449&vendorItemId=83498976228
삼성전자,삼성노트북 아티브북3 NT371B5J i5-4세대/RAM8GB/SSD256GB/WIN10/웹캠O/사무 주식 매장 학원 인강용 최적화,,"238,000원",에스엔에스 시스템,없음,"운영체제: WIN10 Pro, RAM용량 × 저장용량 × CPU 모델명 × 색상: 8GB × 256GB × 코어i5 × 블랙엔그레이","저장장치: SSD, 내장마이크 탑재여부: 내장마이크, 그래픽카드 형태: 미장착, 가전 모델: 아티브북, 저장장치 인터페이스: M.2 NVMe, 쿠팡상품번호: 7581844823 - 20015861785",https://www.coupang.com/vp/products/7581844823?itemId=20015861785&vendorItemId=87684239311
에이수스,에이수스 2023 비보북 15 코어i3 인텔 12세대,"449,000원","441,530원",로켓배송,3,"색상: 쿨 실버, 저장용량 × RAM용량 × 운영체제: 256GB × 8GB × Free DOS","CPU 모델명: 코어i3, CPU 모델 번호: i3-1215U, 화면크기: 39.6cm, 중량: 1.7kg, 출시년월: 2023.09, 쿠팡상품번호: 7614895040 - 20175894635",https://www.coupang.com/vp/products/7614895040?itemId=20175894635&vendorItemId=87267806771
레노버,"레노버 2023 아이디어패드 슬림 3 16ABR8 16 라이젠5 라이젠 7000 시리즈
            Arctic Grey (82XR) · 256GB · 16GB · Free DOS · 82XR000HKR","699,000원","619,000원",로켓배송,3,,"CPU 모델명: 라이젠5, CPU 모델 번호: 라이젠5-7530U, 화면크기: 40.6cm, 중량: 1.85kg, 출시년월: 2023.03, 쿠팡상품번호: 7211760125 - 18252880585",https://www.coupang.com/vp/products/7211760125?itemId=18252880585&vendorItemId=85399584183
삼성전자,"사무용 노트북 렌탈 대여 임대 사무용 가정용 회사용 관공서용 대량렌탈가능
            사무용노트북 · WIN11 Pro · 8GB · 128GB · 코어i5 · 15일",,"34,900원",로켓배송,없음,,"최대 배터리 사용시간: 3시간, 색상계열: 블랙, 코어 종류: 듀얼코어, 중량: 2.2kg, 저장장치 인터페이스: SATA, 쿠팡상품번호: 7202643336 - 18209661289",https://www.coupang.com/vp/products/7202643336?itemId=18209661289&vendorItemId=88659094057
에이수스,"에이수스 2024 젠북 14 코어Ultra9 인텔 14세대
            폰더 블루 · 1TB · 32GB · WIN11 Home · UX3405MA-PZ293W",,"1,769,630원",로켓배송,2,,"CPU 모델명: 코어Ultra9, CPU 모델 번호: 코어Ultra9-185H, 화면크기: 35.56cm, 중량: 1.28kg, 출시년월: 2024.01, 쿠팡상품번호: 7921342535 - 21762532767",https://www.coupang.com/vp/products/7921342535?itemId=21762532767&vendorItemId=88811478393
LG전자,LG 그램 14Z960 14ZB970 I5-6200U/8G/SSD512 슬림한 노트북 무게 980g,,"498,000원",노트클럽,없음,"운영체제: WIN10 Pro, RAM용량 × 저장용량 × 색상: 12GB × 512GB × 화이트","내장마이크 탑재여부: 내장마이크, 가전 모델: LG 그램, 색상계열: 화이트, 저장장치 인터페이스: M.2 NVMe, 저장장치: SSD, 쿠팡상품번호: 7835500865 - 21317725272",https://www.coupang.com/vp/products/7835500865?itemId=21317725272&vendorItemId=88377133669
LG전자,LG그램 17인치 30일 노트북렌탈 대여,,"99,900원",로켓배송,없음,"운영체제: WIN10, RAM용량 × 저장용량 × 색상: 16GB × 256GB × 화이트","패널: IPS, 화면크기(인치): 17, 중량: 1.35kg, CPU 모델명: 코어i5, 코어 종류: 쿼드코어, 쿠팡상품번호: 7891652292 - 21607364258",https://www.coupang.com/vp/products/7891652292?itemId=21607364258&vendorItemId=88658781494
,LG 15UB470 I5-6200/8G/SSD128G/HD520/15.6/WIN10,,"299,000원",에스엔에스 시스템,없음,,"저장장치: SSD, 내장마이크 탑재여부: 내장마이크, CPU 종류: i5, 코어 종류: 듀얼코어, 색상계열: 화이트, 쿠팡상품번호: 6431886426 - 13884260765",https://www.coupang.com/vp/products/6431886426?itemId=13884260765&vendorItemId=81134022413
삼성전자,"삼성 사무용 인강 노트북 인텔 i5 i7 SSD장착 윈10 홈
            NT370E · WIN10 Home · 8GB · 128GB · 코어i5 4세대 · 블랙",,"259,000원",재원 알앤티,없음,,"저장장치: SSD, 색상계열: 블랙, 내장마이크 탑재여부: 내장마이크, 그래픽카드 형태: 미장착, 저장장치 인터페이스: M.2 NVMe, 쿠팡상품번호: 7228207012 - 18334398651",https://www.coupang.com/vp/products/7228207012?itemId=18334398651&vendorItemId=85478856335
LG전자,[새상품] LG 그램 17인치 노트북 17ZB90R 13세대 i7 16G 512G,,"1,399,000원",(주)아이온코리아,없음,"운영체제: WIN11 Home, RAM용량 × 저장용량 × 색상: 16GB × 512GB × 블랙","SSD용량: 512, 화면터치기능: 터치불가, CPU 세대: 인텔 13세대, CPU브랜드: 인텔, 화면크기(인치): 17, 쿠팡상품번호: 7927507637 - 21796827092",https://www.coupang.com/vp/products/7927507637?itemId=21796827092&vendorItemId=89278316704
,"베이직스 2023 베이직북 14 프로 코어i5 인텔 10세대
            White · 256GB · 8GB · WIN11 Home · BP1423FW","583,000원","543,000원",로켓배송,2,,"CPU 모델명: 코어i5, CPU 모델 번호: 코어i5-1035G4, 화면크기: 35.814cm, 중량: 1.35kg, 출시년월: 2023.09, 쿠팡상품번호: 7623579480 - 20217333667",https://www.coupang.com/vp/products/7623579480?itemId=20217333667&vendorItemId=87307043076
LG전자,"중고노트북 삼성 LG HP DELL 레노버 한성 ASUS 정품윈도우 SSD 대화면 노트북
            단일상품 · WIN10 Home · 4GB · 128GB · 코어i5 · 블랙",,"109,000원",(주)에스와이씨앤아이,없음,,"저장장치: SSD, 색상계열: 블랙, 내장마이크 탑재여부: 내장마이크, 그래픽카드 형태: 미장착, 저장장치 인터페이스: M.2 NVMe, 쿠팡상품번호: 7376292269 - 19039045812",https://www.coupang.com/vp/products/7376292269?itemId=19039045812&vendorItemId=86251127033
델,델 2023 인스피론 15 3520 15.6 코어i5 인텔 12세대,,"569,000원",주식회사 이든이엠에스,없음,"색상: 카본 블랙, 저장용량 × RAM용량 × 운영체제: 256GB × 16GB × WIN11 Home","CPU 모델명: 코어i5, CPU 모델 번호: i5-1235U, 중량: 1.68kg, 출시년월: 2023.03, 화면크기(인치): 약 15.6인치에 해당함, 쿠팡상품번호: 6750512228 - 19657726417",https://www.coupang.com/vp/products/6750512228?itemId=19657726417&vendorItemId=85916724832
LG전자,"LG 울트라 PC 15.6인치 7세대 SSD장착 윈도우11 프로
            15UB470 · WIN11 Pro · 8GB · 128GB · 단일색상",,"319,000원",신화시스템,없음,,"저장장치: SSD, 코어 종류: 듀얼코어, 내장마이크 탑재여부: 내장마이크, 그래픽카드 형태: 미장착, 화면크기(인치): 15.6인치, 쿠팡상품번호: 7776389143 - 21007132507",https://www.coupang.com/vp/products/7776389143?itemId=21007132507&vendorItemId=88070969964
에이수스,"에이수스 2024 비보북 17 코어i5 인텔 13세대
            콰이어트 블루 · 512GB · 8GB · Free DOS · X1704VA-AU316",,"698,980원",로켓배송,2,,"CPU 모델명: 코어i5, CPU 모델 번호: 코어i5-1335U, 화면크기: 43.94cm, 중량: 2.1kg, 출시년월: 2024.02, 쿠팡상품번호: 7913163663 - 21719049150",https://www.coupang.com/vp/products/7913163663?itemId=21719049150&vendorItemId=88768313096
,삼성전자 갤럭시북 15.6 재택근무 학습용 노트북 한컴오피스팩 및 국내 정품 윈도우 패키지 동봉,"1,129,000원","1,099,000원",(주)한사랑씨앤씨,없음,모델명/품번 × 운영체제 × RAM용량 × 저장용량 × CPU 모델명 × 색상: R-A51AS × WIN11 Home × 16GB × 500GB × 실버,"저장장치: SSD, 색상계열: 실버, 내장마이크 탑재여부: 내장마이크, 화면크기(인치): 15.6인치, 가전 모델: Galaxy Book, 쿠팡상품번호: 6703045034 - 22208711598",https://www.coupang.com/vp/products/6703045034?itemId=22208711598&vendorItemId=89292171785
삼성전자,삼성전자 노트북 15.6인치 FHD NT371B5L i5-6300HQ 16GB NVMe 256 윈10,,"269,000원",주식회사 두잇스마트,없음,"운영체제: WIN10, RAM용량 × 저장용량 × 색상: 16GB × 256GB × 블랙","SSD용량: 256GB, 메모리종류: DDR4, 색상계열: 블랙, 저장장치: SSD, 해상도 (해상도 등급): FHD, 쿠팡상품번호: 7923082632 - 21773502048",https://www.coupang.com/vp/products/7923082632?itemId=21773502048&vendorItemId=88822353709
레노버,"레노버 2023 아이디어패드 슬림 5 라이트 14ABR8 14 라이젠5 라이젠 7000 시리즈
            CLOUD GREY · 512GB · 16GB · Free DOS · 82XS001CKR",,"1,299,000원",라이브쇼핑커머스,2,,"CPU 모델명: 라이젠5, CPU 모델 번호: R5-7530U, 화면크기: 35.56cm, 중량: 1.17kg, 출시년월: 2023.02, 쿠팡상품번호: 7248164858 - 18431584059",https://www.coupang.com/vp/products/7248164858?itemId=18431584059&vendorItemId=89201851922
LG전자,LG 노트북 그램 14Z980 가벼운 그램노트북 i5 DDR4 초고속 M.2 SSD 장착 윈도우10 프로,,"598,000원",에스엔에스 시스템,2,"모델명/품번: 14Z980, 운영체제 × RAM용량 × 저장용량 × CPU 모델명 × 색상: WIN10 × 16GB × 512GB × 코어i5 × 화이트","가전 모델: LG 그램, 저장장치: SSD, 화면크기(인치): 14, 내장마이크 탑재여부: 내장마이크, 코어 종류: 쿼드코어, 쿠팡상품번호: 6458262639 - 20176278780",https://www.coupang.com/vp/products/6458262639?itemId=20176278780&vendorItemId=87268386158
HP,"HP 2023 노트북 15 코어i3 인텔 12세대
            Jet Black · 256GB · 8GB · Free DOS · 15-fd0102TU",,"444,500원",로켓배송,2,,"CPU 모델명: 코어i3, CPU 모델 번호: 코어i3-N305, 화면크기: 39.6cm, 중량: 1.6kg, 출시년월: 2023.05, 쿠팡상품번호: 7824092703 - 18807094470",https://www.coupang.com/vp/products/7824092703?itemId=18807094470&vendorItemId=85937717422
삼성전자,"삼성 노트북 15.6인치 NT371B5L 사무용 가정용 인강용 게이밍 롤 포토샵 i5 ssd탑재 윈10 pro
            단일색상 · NT371B5L · 코어i5 · 128GB · 8GB · WIN10 Pro",,"299,000원",아고라시스템즈,없음,,"저장장치: SSD, 내장마이크 탑재여부: 내장마이크, 화면크기(인치): 15.6, 저장장치 인터페이스: M.2 NVMe, 색상계열: 블랙, 쿠팡상품번호: 7310558711 - 20425617081",https://www.coupang.com/vp/products/7310558711?itemId=20425617081&vendorItemId=85838715726
HP,HP 2024 노트북 15 코어i3 인텔 13세대,"698,940원","658,940원",로켓배송,2,"색상: 다이아몬드 화이트(커버) + 내추럴 실버(베이스), 저장용량 × RAM용량 × 운영체제: 512GB × 16GB × WIN11 Home","CPU 모델명: 코어i3, CPU 모델 번호: i3-1315U, 화면크기: 39.6cm, 중량: 1.59kg, 출시년월: 2024.01, 쿠팡상품번호: 7812122926 - 21714870701",https://www.coupang.com/vp/products/7812122926?itemId=21714870701&vendorItemId=88753629695
LG전자,"LG전자 2023 울트라PC 15 15U40R-GRTWK - WIN11 설치 모델로 출고됩니다.
            15U40R-GRTWK · WIN11 Home · 32GB · 2TB · 라이젠3 · 화이트",,"829,000원",주식회사 이든이엠에스,없음,,"코어 종류: 쿼드코어, 색상계열: 화이트, 내장마이크 탑재여부: 내장마이크, 그래픽카드 형태: 미장착, 가전 모델: LG 울트라PC, 쿠팡상품번호: 7742204752 - 20832770469",https://www.coupang.com/vp/products/7742204752?itemId=20832770469&vendorItemId=87900844253
삼성전자,"삼성전자 노트북 5 코어i5 8세대 SSD탑재 NT551EBE 그레이 코어i5-8265U 램8GB SSD256GB 윈10 Pro 탑재
            NT551EBE · WIN10 Pro · 16GB · 256GB · 그레이",,"439,000원",룰루메딕 주식회사,없음,,"RAM/메모리 최대 용량: 16GB, 전면 카메라 장착 여부: 장착, 운영체제 비트 종류: 64bit, SSD용량: 256GB, 메모리종류: DDR4, 쿠팡상품번호: 7858718354 - 21439584473",https://www.coupang.com/vp/products/7858718354?itemId=21439584473&vendorItemId=88494229480
에이수스,"에이수스 2023 젠북 15 OLED 라이젠7 라이젠 7000 시리즈
            폰더 블루 · 512GB · 16GB · WIN11 Home · UM3504DA-MA180W","1,093,860원","1,053,860원",로켓배송,4,,"CPU 모델명: 라이젠7, CPU 모델 번호: 라이젠7-7735U, 화면크기: 39.6cm, 중량: 1.4kg, 출시년월: 2023.05, 쿠팡상품번호: 7812355971 - 19083612870",https://www.coupang.com/vp/products/7812355971?itemId=19083612870&vendorItemId=86205882304
HP,"HP 2024 노트북 17s 코어i5 인텔 12세대
            네추럴 실버 · 512GB · 16GB · WIN11 Home · 17s-cu2023TU Super",,"889,000원",로켓배송,없음,,"CPU 모델명: 코어i5, CPU 모델 번호: 코어i5-1235U, 화면크기: 43.9cm, 중량: 2.38kg, 출시년월: 2024.02, 쿠팡상품번호: 7926021665 - 21789429004",https://www.coupang.com/vp/products/7926021665?itemId=21789429004&vendorItemId=88838094078
삼성전자,삼성전자 NT371B5J i5 8G SSD256GB Win10,,"238,000원",주식회사세컨핸드,없음,"색상: 단일색상, 저장용량 × RAM용량 × 운영체제: 256GB × 8GB × WIN10 Home","CPU 모델명: 코어i5, 저장장치: SSD, 코어 종류: 듀얼코어, 내장마이크 탑재여부: 내장마이크, 쿠팡상품번호: 7331106764 - 15338290512",https://www.coupang.com/vp/products/7331106764?itemId=15338290512&vendorItemId=82559003468
레노버,"레노버 2023 V15 G4 코어i5 인텔 13세대
            Iron Gray · 256GB · 16GB · Free DOS · 83A10001KR","646,250원","516,250원",로켓배송,3,,"CPU 모델명: 코어i5, CPU 모델 번호: i5-1335U, 중량: 1.67kg, 출시년월: 2023.06, 그래픽카드 형태: 미장착, 쿠팡상품번호: 7598185753 - 20470030189",https://www.coupang.com/vp/products/7598185753?itemId=20470030189&vendorItemId=87537341268
HP,HP 2023 엘리트북 655 G10 15.6,"785,540원","685,540원",로켓배송,2,"색상: 실버, 저장용량 × RAM용량 × 운영체제 × 모델명/품번: 512GB × 16GB × Win11 Home × G10-80R49PA","CPU 모델명: 라이젠5, CPU 모델 번호: 라이젠5-7530U, GPU 모델명: 라데온 그래픽스, 화면크기: 39.6cm, 중량: 1.67kg, 쿠팡상품번호: 7813788607 - 21283237537",https://www.coupang.com/vp/products/7813788607?itemId=21283237537&vendorItemId=88331188293
,삼성전자 갤럭시북4 15.6 코어I5 13세대 한컴오피스팩 및 무선마우스 정품 윈도우11 패키지 동봉,"1,079,000원","1,049,000원",(주)한사랑씨앤씨,없음,"운영체제: WIN11 Home, RAM용량 × 저장용량 × 색상: 16GB × 512GB × 실버","저장장치: SSD, 색상계열: 실버, 내장마이크 탑재여부: 내장마이크, 화면크기(인치): 15.6, 가전 모델: Galaxy Book, 쿠팡상품번호: 7991194687 - 22212816645",https://www.coupang.com/vp/products/7991194687?itemId=22212816645&vendorItemId=89258837469
,A급중고 LG 15N540 I5-4310M/16G/SSD256G/HD4600/15.6 HD/WIN10 게이밍북,,"279,000원",에스엔에스 시스템,없음,"운영체제: WIN10 Pro, RAM용량 × 저장용량 × CPU 모델명 × 색상: 16GB × 256GB × 코어i5 × 실버","해상도 (해상도 등급): FHD, 저장장치: SSD, 색상계열: 실버, 내장마이크 탑재여부: 내장마이크, 화면크기(인치): 15.6인치, 쿠팡상품번호: 6838627007 - 16255031935",https://www.coupang.com/vp/products/6838627007?itemId=16255031935&vendorItemId=83448145690
Apple,"Apple 2020 맥북 에어 13
            스페이스 그레이 · M1 · 256GB · 8GB · A2337","1,064,520원","1,021,930원",로켓배송,없음,,"운영체제: MAC OS, CPU 모델 번호: APL1102, GPU 모델명: M1 7 core, 화면크기: 33.74cm, CPU 기본속도: 0.6GHz, 쿠팡상품번호: 4322481134 - 5033261049",https://www.coupang.com/vp/products/4322481134?itemId=5033261049&vendorItemId=72343055641
에이수스,"에이수스 2024 ROG 스트릭스 G16 코어i9 인텔 13세대 지포스 RTX 4060
            Eclipse Gray · 1TB · 16GB · Free DOS · G614JV-N4117","1,999,000원","1,799,000원",로켓배송,2,,"CPU 모델명: 코어i9, CPU 모델 번호: 코어i9-13980HX, GPU 모델명: 지포스 RTX 4060, 중량: 2.5kg, 출시년월: 2024.03, 쿠팡상품번호: 7961471716 - 22012062077",https://www.coupang.com/vp/products/7961471716?itemId=22012062077&vendorItemId=89059477637
레노버,"레노버 2024 요가 슬림 7 14IMH9 코어Ultra7 인텔 14세대
            Luna Grey · 1TB · 32GB · Free DOS · 83CV0025KR","1,449,000원","1,279,000원",로켓배송,없음,,"CPU 모델명: 코어Ultra7, CPU 모델 번호: 코어Ultra7-155H, 중량: 1.39kg, 출시년월: 2024.01, 패널: OLED, 쿠팡상품번호: 7903115265 - 21665266327",https://www.coupang.com/vp/products/7903115265?itemId=21665266327&vendorItemId=88715870030
LG전자,LG 8세대 GRAM 14Z980 코어i5 16GB SSD256GB Win10,,"529,000원",에스엔에스 시스템,없음,"모델명/품번: 4. 14Z980, 운영체제 × RAM용량 × 저장용량 × CPU 모델명 × 색상: WIN10 Home × 8GB × 256GB × 코어i5","저장장치: SSD, 내장마이크 탑재여부: 내장마이크, 코어 종류: 쿼드코어, 색상계열: 화이트, 그래픽카드 형태: 미장착, 쿠팡상품번호: 6458262639 - 19245692570",https://www.coupang.com/vp/products/6458262639?itemId=19245692570&vendorItemId=87748226535
에이수스,"에이수스 2023 젠북 15 라이젠5 라이젠 7000 시리즈
            폰더 블루 · 512GB · 16GB · WIN11 Home · UM3504DA-BN144",,"949,000원",로켓배송,4,,"CPU 모델명: 라이젠5, CPU 모델 번호: 라이젠5-7535U, 화면크기: 39.6cm, 중량: 1.5kg, 출시년월: 2023.05, 쿠팡상품번호: 7387505030 - 19209841671",https://www.coupang.com/vp/products/7387505030?itemId=19209841671&vendorItemId=86318458019
삼성전자,"삼성노트북 NT550XED-K24A 윈도우11탑재 가성비 인강용 사무용 학생용 업무용 노트북 추천 한컴오피스 증정
            실버 · NT550XED-K24A · 펜티엄 · 1128GB · 16GB · Windows11Pro",,"739,000원",주식회사 브랜드텍,없음,,"해상도 (해상도 등급): FHD, 패널: PLS, 저장장치: HDD+SSD, 코어 종류: 펜타코어, 색상계열: 실버, 쿠팡상품번호: 7761832619 - 20932936473",https://www.coupang.com/vp/products/7761832619?itemId=20932936473&vendorItemId=87802699182
LG전자,LG전자 그램14 14Z980 8세대i5 램16G SSD512G 윈도우10 (50대 한정 nvme1TB 무료 업그레이드),,"649,000원",주식회사 케이닷컴,없음,"색상: 화이트, CPU 모델명 × 저장용량 × RAM용량 × 운영체제: 코어i5 × 1TB × 16GB × WIN10 Home","해상도 (해상도 등급): FHD, 저장장치: SSD, 색상계열: 화이트, 화면크기(인치): 14, SSD용량: 512, 쿠팡상품번호: 7672138851 - 20469536886",https://www.coupang.com/vp/products/7672138851?itemId=20469536886&vendorItemId=87370495163
삼성전자,"삼성 15.6인치 12세대 갤럭시북2 윈도우11 프로
            NT550XEZ · WIN11 Pro · 8GB · 256GB · 단일색상",,"669,000원",로켓배송,2,,"CPU 세대: 인텔 12세대, CPU브랜드: 인텔, 저장장치: SSD, 해상도 (해상도 등급): FHD, CPU 모델 번호: i5-1235U, 쿠팡상품번호: 7789815300 - 21072701436",https://www.coupang.com/vp/products/7789815300?itemId=21072701436&vendorItemId=89011219536
삼성전자,"삼성 15.6인치 사무용 노트북 i5 6세대 SSD장착 윈10프로 무선마우스
            NT501R5A · WIN10 Pro · 16GB · 256GB · 코어i5 · 블랙",,"339,000원",신화시스템,없음,,"저장장치: SSD, 색상계열: 블랙, 내장마이크 탑재여부: 내장마이크, 화면크기(인치): 15.6인치, 저장장치 인터페이스: M.2 NVMe, 쿠팡상품번호: 6429531818 - 20259578104",https://www.coupang.com/vp/products/6429531818?itemId=20259578104&vendorItemId=86939243780
,점퍼 노트북 12G/SSD 256G/14/DDR4/가성비/슬림/초경량/업무용/그레이,,"275,000원","Shenzhen yioyi technology Co., LTD",없음,"운영체제: WIN11 Home, 색상 × RAM용량: grey × 12GB","내장마이크 탑재여부: 내장마이크, SSD용량: 256GB, CPU 모델 번호: 셀러론, 코어 종류: 쿼드코어, 화면크기(인치): 14, 쿠팡상품번호: 7927785930 - 21798363657",https://www.coupang.com/vp/products/7927785930?itemId=21798363657&vendorItemId=88279109923
LG전자,"LG전자 울트라PC 15인치 2023 최신 RAM 8GB SSD 256GB 윈도우11
            15UD40R-GX56K · WIN11 Home · 8GB · 256GB · 라이젠5 · 화이트",,"699,000원",두손밸리(주),없음,,"저장장치: SSD, 코어 종류: 헥사코어, 색상계열: 화이트, 내장마이크 탑재여부: 내장마이크, 그래픽카드 형태: 미장착, 쿠팡상품번호: 7704672281 - 20637506675",https://www.coupang.com/vp/products/7704672281?itemId=20637506675&vendorItemId=87711133097
MSI,"MSI Sword GF76 17.3 코어i7 인텔 13세대 지포스 RTX 4060
            블랙 · 1TB · 32GB · WIN11 Pro · GF76 B13VFK",,"1,699,000원",(주)클로버웍스,없음,,"CPU 모델명: 코어i7, CPU 모델 번호: i7-13620H, GPU 모델명: 지포스 RTX 4060, 화면크기: 43.9cm, 중량: 2.6kg, 쿠팡상품번호: 7813920189 - 18096555281",https://www.coupang.com/vp/products/7813920189?itemId=18096555281&vendorItemId=87686291075
HP,"HP 2024 노트북 15 코어i5 인텔 14세대
            Ceramic White · 512GB · 16GB · Free DOS · 15-fd1026TU",,"799,000원",로켓배송,2,,"CPU 모델명: 코어i5, CPU 모델 번호: 코어i5-120U, 중량: 1.6kg, 출시년월: 2024.02, 그래픽카드 형태: 미장착, 쿠팡상품번호: 7883496994 - 21565572672",https://www.coupang.com/vp/products/7883496994?itemId=21565572672&vendorItemId=88617565595
LG전자,"무선마우스 증정 LG전자 울트라PC GX5DK GX56K 15인치 노트북
            화이트 · GX5DK · 라이젠5 · 1TB · 32GB · WIN11 Home",,"999,000원",(주)아이시티정보,없음,,"해상도 (해상도 등급): FHD, 패널: IPS, 저장장치: SSD, 코어 종류: 옥타코어, 색상계열: 화이트, 쿠팡상품번호: 7672059508 - 20469140125",https://www.coupang.com/vp/products/7672059508?itemId=20469140125&vendorItemId=80265996292
에이수스,에이수스 2024 TUF 게이밍 F17 코어i7 인텔 13세대 지포스 RTX 4050,"1,449,000원","1,448,000원",로켓배송,4,"색상: 메카 그레이, 저장용량 × RAM용량 × 운영체제: 512GB × 16GB × Free DOS","CPU 모델명: 코어i7, CPU 모델 번호: 코어i7-13620H, GPU 모델명: 지포스 RTX 4050, 화면크기: 43.9cm, 중량: 2.6kg, 쿠팡상품번호: 7881914474 - 21557504427",https://www.coupang.com/vp/products/7881914474?itemId=21557504427&vendorItemId=88610087334
HP,HP 2023 노트북 15,,"535,960원",로켓배송,없음,"색상: 네추럴 실버, CPU 모델명 × 저장용량 × RAM용량 × 운영체제 × 모델명/품번: 라이젠7 × 512GB × 16GB × Free DOS × 15S-EQ2259AU","CPU 모델 번호: 라이젠7-5700U, 화면크기: 39.6cm, 그래픽카드 형태: 미장착, 해상도 (해상도 등급): FHD, 저장장치: NVMe, 쿠팡상품번호: 7699509423 - 21283402073",https://www.coupang.com/vp/products/7699509423?itemId=21283402073&vendorItemId=88331188630
델,"델 2023 인스피론 15 3525 라이젠5 라이젠 7000 시리즈
            카본 블랙 · 512GB · 16GB · WIN11 Home · DN3525-W002KR",,"689,000원",로켓배송,3,,"CPU 모델명: 라이젠5, CPU 모델 번호: 라이젠5-7530U, 중량: 1.68kg, 출시년월: 2023.10, 그래픽카드 형태: 미장착, 쿠팡상품번호: 7650957219 - 20357239618",https://www.coupang.com/vp/products/7650957219?itemId=20357239618&vendorItemId=87441459705
에이수스,에이수스 2023 TUF 게이밍 F17 코어i9 인텔 13세대 지포스 RTX 4060,"1,751,570원","1,651,570원",로켓배송,3,"색상: Mecha Gray, 저장용량 × RAM용량 × 운영체제: 512GB × 16GB × Free DOS","CPU 모델명: 코어i9, CPU 모델 번호: 코어i9-13900H, GPU 모델명: 지포스 RTX 4060, 중량: 2.6kg, 출시년월: 2023.03, 쿠팡상품번호: 7685535167 - 18099432023",https://www.coupang.com/vp/products/7685535167?itemId=18099432023&vendorItemId=85251635448
HP,"HP 2024 오멘 16 코어i5 인텔 13세대 지포스 RTX 4060
            Shadow Black · 512GB · 32GB · WIN11 Home · 16-wf0186TX","1,719,000원","1,679,000원",로켓배송,2,,"CPU 모델명: 코어i5, CPU 모델 번호: 코어i5-13500HX, GPU 모델명: 지포스 RTX 4060, 화면크기: 40.9cm, 중량: 2.35kg, 쿠팡상품번호: 7856554737 - 21428011707",https://www.coupang.com/vp/products/7856554737?itemId=21428011707&vendorItemId=88484095153
,아이뮤즈 2021 스톰북5 15.6 셀러론,,"307,430원",로켓배송,없음,"색상: 화이트, 저장용량 × RAM용량 × 운영체제: 192GB × 4GB × WIN10 Home","CPU 모델명: 셀러론, CPU 모델 번호: N4020, GPU 모델명: 인텔 UHD 그래픽스 600, 화면크기: 39.6cm, 중량: 1.8kg, 쿠팡상품번호: 4919158053 - 14122208000",https://www.coupang.com/vp/products/4919158053?itemId=14122208000&vendorItemId=77771039646
삼성전자,삼성 LG HP 노트북 i5 가정 업무 게임 포토샵 주식용 Win10 무상1년 사은품,"329,000원","326,000원",윤텍,없음,색상 × CPU 모델명 × 저장용량 × RAM용량 × 운영체제: 블랙 × i5 6200 × 500GB × 8GB × Win10,"ODD장착여부: ODD장착, 그래픽카드 형태: 미장착, SSD용량: 500, 화면크기(인치): 15, GPU 모델명: 인텔HD, 쿠팡상품번호: 7527467832 - 19756553427",https://www.coupang.com/vp/products/7527467832?itemId=19756553427&vendorItemId=88166484485
,"베이직스 2023 베이직북 14 프로 코어i5 인텔 10세대
            White · 256GB · 8GB · Free DOS · BP1423FW",,"458,000원",로켓배송,2,,"CPU 모델명: 코어i5, CPU 모델 번호: i5-1035G4, 중량: 1.35kg, 출시년월: 2023.09, 화면크기(인치): 약 14.1인치에 해당함, 쿠팡상품번호: 7623579480 - 20624047116",https://www.coupang.com/vp/products/7623579480?itemId=20624047116&vendorItemId=87401376135
HP,"HP 2023 네로 15s 가성비 사무용 노트북 [사은품증정]
            15s-eq2259AU · WIN11 Pro · 16GB · 512GB · 라이젠7 · 실버",,"719,000원",엔텍,없음,,"이어폰,헤드폰 단자: 있음, 전면 카메라 장착 여부: 장착, 운영체제 비트 종류: 64bit, 그래픽 브랜드: AMD, SSD용량: 512GB, 쿠팡상품번호: 7746883391 - 20856903260",https://www.coupang.com/vp/products/7746883391?itemId=20856903260&vendorItemId=87924388457
레노버,레노버 2023 씽크북 15 G5 ABP 15 라이젠5 라이젠 7000 시리즈,"649,000원","509,000원",로켓배송,2,"색상: 미네랄 그레이, 저장용량 × RAM용량 × 운영체제 × 모델명/품번: 256GB × 8GB × Free DOS × 21JF0004KR","CPU 모델명: 라이젠5, CPU 모델 번호: 라이젠5-7530U, 중량: 1.8kg, 출시년월: 2023.04, 화면크기(인치): 약 15인치에 해당함, 쿠팡상품번호: 7525387197 - 18707773976",https://www.coupang.com/vp/products/7525387197?itemId=18707773976&vendorItemId=85841047724
삼성전자,"삼성노트북 NT550XED-K24A 윈도우11탑재 가성비 학생용 인강용 사무용 싼노트북 노트북추천 한컴오피스 증정
            실버(D-K24AS) · NT550XED-K24A · 펜티엄 · 128GB · 8GB · WIN11 Pro",,"579,000원",주식회사 브랜드텍,없음,,"해상도 (해상도 등급): FHD, 패널: PLS, 저장장치: HDD+SSD, 코어 종류: 듀얼코어, 색상계열: 화이트, 쿠팡상품번호: 7757746664 - 20912922338",https://www.coupang.com/vp/products/7757746664?itemId=20912922338&vendorItemId=85435653514
MSI,"MSI CYBORG 15 A12VF [이벤트 한정특가 / 사은품증정]
            CYBORG 15 A12VF · WIN11 Pro · 32GB · 1TB · 코어i7 · 블랙",,"1,499,000원",(주)클로버웍스,없음,,"RAM/메모리 최대 용량: 64GB, RAM/메모리 슬롯 개수: 2슬롯, 저장장치 슬롯 개수: 1슬롯, 그래픽 브랜드: NVIDIA, 메모리종류: DDR5, 쿠팡상품번호: 7212464697 - 18256129472",https://www.coupang.com/vp/products/7212464697?itemId=18256129472&vendorItemId=89259522839
델,"델 2023 인스피론 15 3535 라이젠5 라이젠 7000 시리즈
            카본 블랙 · 512GB · 16GB · WIN11 Home · DN3535-W002KR","799,000원","739,000원",로켓배송,2,,"CPU 모델명: 라이젠5, CPU 모델 번호: 라이젠5-7530U, 중량: 1.68kg, 출시년월: 2023.09, 그래픽카드 형태: 미장착, 쿠팡상품번호: 7883085520 - 21563562430",https://www.coupang.com/vp/products/7883085520?itemId=21563562430&vendorItemId=88615849109
에이수스,에이수스 2024 TUF 게이밍 A15 라이젠7 라이젠 7000 시리즈 지포스 RTX 4050,"1,299,000원","1,259,160원",로켓배송,4,"색상: Mecha Gray, 저장용량 × RAM용량 × 운영체제: 512GB × 16GB × Free DOS","CPU 모델명: 라이젠7, CPU 모델 번호: 라이젠7-7735HS, GPU 모델명: 지포스 RTX 4050, 중량: 2.2kg, 출시년월: 2024.02, 쿠팡상품번호: 7856545356 - 21427965237",https://www.coupang.com/vp/products/7856545356?itemId=21427965237&vendorItemId=88484049418
LG전자,LG 노트북 코어i5 4세대 8세대 15.6인치 SSD240G RAM8G 사무용 가정용 윈도우10,,"271,950원",에이스컴,없음,"모델명/품번: LG15N540, 운영체제 × RAM용량 × 저장용량 × CPU 모델명 × 색상: WIN10 × 8GB × 256GB × 코어i5 × 실버","이어폰,헤드폰 단자: 있음, 전면 카메라 장착 여부: 장착, 운영체제 비트 종류: 64bit, SSD용량: 256GB, CPU 세대: 인텔 4세대, 쿠팡상품번호: 7108837845 - 17765316762",https://www.coupang.com/vp/products/7108837845?itemId=17765316762&vendorItemId=86359968666
레노버,레노버 2022 ThinkPad E15 G4 15.6 라이젠5 라이젠 5000 시리즈,"556,010원","406,010원",로켓배송,2,"색상: Black, 저장용량 × RAM용량 × 운영체제 × 모델명/품번: 256GB × 16GB × Free DOS × 21ED004EKD","CPU 모델명: 라이젠5, CPU 모델 번호: 라이젠5-5625U, GPU 모델명: AMD Radeon Graphics, 화면크기: 39.6cm, 중량: 1.78kg, 쿠팡상품번호: 7685586594 - 19725742753",https://www.coupang.com/vp/products/7685586594?itemId=19725742753&vendorItemId=86822254796
레노버,"레노버 2022 ideapad Slim 3 17ABA7 17.3 코어i5 인텔 12세대
            Arctic Grey · 256GB · 16GB · Free DOS · 82RL0029KR",,"641,600원",로켓배송,2,,"CPU 모델명: 코어i5, 화면크기(인치): 약 17.3인치에 해당함, 그래픽카드 형태: 미장착, 저장장치: NVMe, 저장장치 인터페이스: M.2 NVMe, 쿠팡상품번호: 7435148943 - 21714718517",https://www.coupang.com/vp/products/7435148943?itemId=21714718517&vendorItemId=88753629637
레노버,"레노버 2023 V14 G4 라이젠5 라이젠 7000 시리즈
            ARCTIC GREY · 256GB · 8GB · Free DOS · 82YT000DKR","549,000원","459,000원",로켓배송,4,,"CPU 모델명: 라이젠5, CPU 모델 번호: 라이젠5-7520U, 중량: 1.43kg, 출시년월: 2023.02, 화면크기(인치): 약 14인치에 해당함, 쿠팡상품번호: 7485272210 - 21331976796",https://www.coupang.com/vp/products/7485272210?itemId=21331976796&vendorItemId=86670284649
MSI,"MSI 2023 GF63 씬 12VE 15.6 코어i5 인텔 12세대 지포스 RTX 4050
            블랙 · 512GB · 8GB · Free DOS · MS-16R1","1,149,000원","1,074,870원",로켓배송,2,,"CPU 모델명: 코어i5, CPU 모델 번호: i5-12450H, GPU 모델명: 지포스 RTX 4050, 화면크기: 39.6cm, 중량: 1.77kg, 쿠팡상품번호: 7685481087 - 18281552510",https://www.coupang.com/vp/products/7685481087?itemId=18281552510&vendorItemId=85427484838
,DELL XPS 13 9343 5세대i5 램8G SSD256G 윈10 QHD/터치스크린/새배터리,,"369,000원",(주)엘도라도,없음,"운영체제: WIN10, RAM용량 × 저장용량 × CPU 모델명 × 색상: 8GB × 256GB × 코어i5 × 실버","SSD용량: 256, CPU 세대: 인텔 6세대 이하, 색상계열: 실버, 코어 종류: 듀얼코어, 중량: 1.26kg, 쿠팡상품번호: 6624550360 - 15075801907",https://www.coupang.com/vp/products/6624550360?itemId=15075801907&vendorItemId=84584859573
LG전자,"LG전자 2023 울트라PC 15 15U40R-GRTWK - WIN11 설치 모델로 출고됩니다.
            15U40R-GRTWK · WIN11 Home · 16GB · 256GB · 라이젠3 · 화이트",,"639,000원",주식회사 이든이엠에스,없음,,"저장장치: SSD, 코어 종류: 쿼드코어, 색상계열: 화이트, 내장마이크 탑재여부: 내장마이크, 그래픽카드 형태: 미장착, 쿠팡상품번호: 7742204752 - 20832770484",https://www.coupang.com/vp/products/7742204752?itemId=20832770484&vendorItemId=87900844397
레노버,"레노버 2023 V15 G4 코어i5 인텔 13세대
            Iron Gray · 256GB · 16GB · Win11 HOME · 83A10001KR","804,980원","674,980원",로켓배송,3,,"CPU 모델명: 코어i5, CPU 모델 번호: i5-1335U, 중량: 1.67kg, 출시년월: 2023.06, 그래픽카드 형태: 미장착, 쿠팡상품번호: 7598185753 - 20470038749",https://www.coupang.com/vp/products/7598185753?itemId=20470038749&vendorItemId=87537608725
MSI,"MSI 2023 GF63 씬 15.6 코어i5 인텔 12세대 지포스 RTX 2050
            블랙 · 512GB · 8GB · Free DOS · Thin GF63 12UCX-i5 (636XKR)","819,000원","805,600원",로켓배송,2,,"CPU 모델명: 코어i5, CPU 모델 번호: i5-12450H, GPU 모델명: 지포스 RTX 2050, 화면크기: 39.6cm, 중량: 1.77kg, 쿠팡상품번호: 7743905622 - 20841547615",https://www.coupang.com/vp/products/7743905622?itemId=20841547615&vendorItemId=87909273660
HP,HP 2023 노트북 15 코어i3 인텔 13세대,,"599,000원",로켓배송,3,"색상: Jet Black, 저장용량 × RAM용량 × 운영체제: 256GB × 8GB × WIN11 Home","CPU 모델명: 코어i3, CPU 모델 번호: 코어i3-1315U, 화면크기: 39.6cm, 중량: 1.6kg, 출시년월: 2023.04, 쿠팡상품번호: 7305713234 - 18645189440",https://www.coupang.com/vp/products/7305713234?itemId=18645189440&vendorItemId=85780199523
레노버,레노버 2023 씽크북 15 G5 IRL 15 코어i5 인텔 13세대,"826,250원","596,250원",로켓배송,2,"색상: 미네랄 그레이, 저장용량 × RAM용량 × 운영체제 × 모델명/품번: 256GB × 16GB × Free DOS × 21JD003YKR","CPU 모델명: 코어i5, CPU 모델 번호: i5-1335U, 화면크기: 39.624cm, 중량: 1.8kg, 출시년월: 2023.04, 쿠팡상품번호: 7278609987 - 19725822919",https://www.coupang.com/vp/products/7278609987?itemId=19725822919&vendorItemId=86822253814
레노버,레노버 2023 씽크북 14 G5 ABP 라이젠5 라이젠 7000 시리즈,"639,000원","602,550원",로켓배송,3,"색상: 미네랄 그레이, 저장용량 × RAM용량 × 운영체제 × 모델명/품번: 256GB × 8GB × Free DOS × 21JE0004KR","CPU 모델명: 라이젠5, CPU 모델 번호: 라이젠5-7530U, 화면크기: 35.56cm, 중량: 1.5kg, 출시년월: 2023.04, 쿠팡상품번호: 7525372720 - 18606318010",https://www.coupang.com/vp/products/7525372720?itemId=18606318010&vendorItemId=85742216223
에이수스,에이수스 2024 TUF 게이밍 F17 코어i7 인텔 13세대 지포스 RTX 4050,"1,449,000원","1,349,000원",로켓배송,3,"색상: 메카 그레이, 저장용량 × RAM용량 × 운영체제: 512GB × 32GB × Free DOS","CPU 모델명: 코어i7, CPU 모델 번호: 코어i7-13620H, GPU 모델명: 지포스 RTX 4050, 화면크기: 43.9cm, 중량: 2.6kg, 쿠팡상품번호: 7881914474 - 21880176070",https://www.coupang.com/vp/products/7881914474?itemId=21880176070&vendorItemId=88924365014
HP,"HP 2024 빅터스 15 코어i5 인텔 13세대 지포스 RTX 3050
            Mica Silver · 512GB · 16GB · Win11 Home · 15-fa1245TX","1,040,990원","990,990원",로켓배송,2,,"CPU 모델명: 코어i5, CPU 모델 번호: 코어i5-13420H, GPU 모델명: 지포스 RTX 3050, 화면크기: 39.6cm, 중량: 2.29kg, 쿠팡상품번호: 7813921805 - 21714872348",https://www.coupang.com/vp/products/7813921805?itemId=21714872348&vendorItemId=88753629593
,삼성전자 갤럭시북 15.6 재택근무 학습용 노트북 한컴오피스팩 및 국내 정품 윈도우 패키지 동봉,"829,000원","787,550원",(주)한사랑씨앤씨,없음,모델명/품번 × 운영체제 × RAM용량 × 저장용량 × CPU 모델명 × 색상: NT550-I5 × WIN11 Home × 8GB × 250GB × 코어i5 × 그라파이트,"저장장치: SSD, 내장마이크 탑재여부: 내장마이크, 그래픽카드 형태: 미장착, 화면크기(인치): 15.6인치, 가전 모델: Galaxy Book, 쿠팡상품번호: 6703045034 - 15532761776",https://www.coupang.com/vp/products/6703045034?itemId=15532761776&vendorItemId=89292171744
Apple,"Apple 2020 맥북 에어 13
            실버 · M1 · 256GB · 8GB · A2337","1,064,520원","1,021,930원",로켓배송,없음,,"운영체제: MAC OS, CPU 모델 번호: APL1102, GPU 모델명: M1 7 core, 화면크기: 33.74cm, CPU 기본속도: 0.6GHz, 쿠팡상품번호: 4322481134 - 5033261361",https://www.coupang.com/vp/products/4322481134?itemId=5033261361&vendorItemId=72343055403
HP,"HP 2023 파빌리온 플러스 14 코어i5 인텔 13세대
            내추럴 실버 · 512GB · 16GB · WIN11 Home · 14-ew0018TU","1,099,000원","1,098,000원",로켓배송,2,,"CPU 모델명: 코어i5, CPU 모델 번호: 코어i5-1335U, 화면크기: 35.6cm, 중량: 1.45kg, 출시년월: 2023.10, 쿠팡상품번호: 7634635714 - 20270585747",https://www.coupang.com/vp/products/7634635714?itemId=20270585747&vendorItemId=87357707040
에이수스,에이수스 2024 TUF 게이밍 F17 코어i7 인텔 13세대 지포스 RTX 4050,"1,676,000원","1,576,000원",로켓배송,2,"색상: 메카 그레이, 저장용량 × RAM용량 × 운영체제: 1536GB × 32GB × Free DOS","CPU 모델명: 코어i7, CPU 모델 번호: 코어i7-13620H, GPU 모델명: 지포스 RTX 4050, 화면크기: 43.9cm, 중량: 2.6kg, 쿠팡상품번호: 7881914474 - 21880186610",https://www.coupang.com/vp/products/7881914474?itemId=21880186610&vendorItemId=88924362984
에이서,"에이서 2023 스위프트 엣지 OLED 16 라이젠7 라이젠 7000 시리즈
            Glacier Blue · 512GB · 16GB · Free DOS · SFE16-42-R3TY",,"1,029,000원",로켓배송,2,,"CPU 모델명: 라이젠7, CPU 모델 번호: 라이젠7-7735U, 중량: 1.17kg, 출시년월: 2023.02, CPU 기본속도: 2.7GHz, 쿠팡상품번호: 7458562479 - 19435336277",https://www.coupang.com/vp/products/7458562479?itemId=19435336277&vendorItemId=86546495952
HP,"HP 2024 노트북 14 코어i5 인텔 13세대
            Natural Silver · 512GB · 8GB · WIN11 Home · 14-ep0185TU",,"770,690원",로켓배송,없음,,"CPU 모델명: 코어i5, CPU 모델 번호: 코어i5-1335U, 화면크기: 35.6cm, 중량: 1.4kg, 출시년월: 2024.01, 쿠팡상품번호: 7912875948 - 21717611717",https://www.coupang.com/vp/products/7912875948?itemId=21717611717&vendorItemId=88766888830
아이뮤즈,"아이뮤즈 2020 스톰북 14.1 셀러론
            White · 64GB · 4GB · Free DOS · StormBooK14",,"229,000원",로켓배송,없음,,"CPU 모델명: 셀러론, CPU 모델 번호: N4020, GPU 모델명: 인텔 HD 그래픽스 500, 화면크기: 35.81cm, 중량: 1.3kg, 쿠팡상품번호: 1797052276 - 2251645099",https://www.coupang.com/vp/products/1797052276?itemId=2251645099&vendorItemId=70249015004
삼성전자,"삼성 15.6인치 12세대 갤럭시북2 윈도우11 프로
            NT550XEZ · WIN11 Pro · 16GB · 256GB · 단일색상",,"719,000원",로켓배송,2,,"CPU 세대: 인텔 12세대, CPU브랜드: 인텔, 저장장치: SSD, 해상도 (해상도 등급): FHD, CPU 모델 번호: i5-1235U, 쿠팡상품번호: 7789815300 - 21072701438",https://www.coupang.com/vp/products/7789815300?itemId=21072701438&vendorItemId=89011219546
레노버,"레노버 2022 씽크패드 L13 G2 라이젠5 라이젠 5000 시리즈
            Black · 256GB · 8GB · WIN10 Pro · ThinkPad L13 G2","679,500원","561,600원",로켓배송,2,,"CPU 모델명: 라이젠5, CPU 모델 번호: 라이젠5 Pro, 중량: 1.39kg, 출시년월: 2022.08, 그래픽카드 형태: 미장착, 쿠팡상품번호: 7827723657 - 20067233831",https://www.coupang.com/vp/products/7827723657?itemId=20067233831&vendorItemId=87163079326
레노버,"레노버 2024 요가 슬림 7 14IMH9 코어Ultra5 인텔 14세대
            Luna Grey · 512GB · 16GB · Win11 Home · 83CV0027KR","1,401,400원","1,231,400원",로켓배송,2,,"CPU 모델명: 코어Ultra5, CPU 모델 번호: 코어Ultra5-125H, 중량: 1.43kg, 출시년월: 2024.01, 패널: OLED, 쿠팡상품번호: 7883984804 - 21880302081",https://www.coupang.com/vp/products/7883984804?itemId=21880302081&vendorItemId=88924150330
레노버,"레노버 2024 아이디어패드 5i 프로 14IMH 코어Ultra7
            Arctic Grey · 2TB · 32GB · Free DOS · 83D2001DKR","1,448,990원","1,398,990원",로켓배송,2,,"CPU 모델명: 코어Ultra7, CPU 모델 번호: 코어Ultra7-155H, 화면크기: 35.5cm, 중량: 1.4kg, 출시년월: 2020.02, 쿠팡상품번호: 7883087795 - 21880242148",https://www.coupang.com/vp/products/7883087795?itemId=21880242148&vendorItemId=88924361898
MSI,MSI 2023 CYBORG 15 15.6 코어i7 인텔 12세대 지포스 RTX 4060,"1,226,100원","1,199,000원",로켓배송,2,"색상: 블랙, 저장용량 × RAM용량 × 운영체제 × 모델명/품번: 512GB × 8GB × Free DOS × MS-15K","CPU 모델명: 코어i7, CPU 모델 번호: 코어 i7-12650H, GPU 모델명: 지포스 RTX 4060, 화면크기: 39.6cm, 중량: 1.98kg, 쿠팡상품번호: 7689420062 - 18244172520",https://www.coupang.com/vp/products/7689420062?itemId=18244172520&vendorItemId=85391040183
에이수스,에이수스 2024 TUF 게이밍 F17 코어i7 인텔 13세대 지포스 RTX 4050,"1,535,060원","1,435,060원",로켓배송,2,"색상: 메카 그레이, 저장용량 × RAM용량 × 운영체제: 512GB × 32GB × Win11 Home","CPU 모델명: 코어i7, CPU 모델 번호: 코어i7-13620H, GPU 모델명: 지포스 RTX 4050, 화면크기: 43.9cm, 중량: 2.6kg, 쿠팡상품번호: 7881914474 - 21880192828",https://www.coupang.com/vp/products/7881914474?itemId=21880192828&vendorItemId=88924362721
삼성전자,"삼성 갤럭시북3 프로 14형 인텔 13세대 윈도우11 사무용 가벼운 고사양 노트북
            베이지 · 갤럭시북3프로 · 코어i5 · 256GB · 16GB · WIN11 Home","1,399,000원","1,379,000원",(주)엔씨디지텍,없음,,"해상도 (해상도 등급): WQXGA, 패널: AMOLED, 저장장치: SSD, 코어 종류: 옥타코어, 색상계열: 베이지, 쿠팡상품번호: 7694670793 - 20585529461",https://www.coupang.com/vp/products/7694670793?itemId=20585529461&vendorItemId=89357086767
HP,"HP 2023 빅터스 15 코어i5 인텔 12세대 지포스 RTX 4050
            Mica Silver · 512GB · 16GB · WIN11 Home · 15-fa1108TX","1,323,740원","1,183,740원",로켓배송,3,,"CPU 모델명: 코어i5, CPU 모델 번호: i5-12500H, GPU 모델명: 지포스 RTX 4050, 화면크기: 39.6cm, 중량: 2.29kg, 쿠팡상품번호: 7420594832 - 20142275050",https://www.coupang.com/vp/products/7420594832?itemId=20142275050&vendorItemId=87223808338
레노버,"레노버 2023 V14 G4 IRU 코어i3 인텔 13세대
            Iron Gray · 256GB · 16GB · Win11 HOME · 83A00006KR","776,350원","716,350원",로켓배송,없음,,"CPU 모델명: 코어i3, CPU 모델 번호: 코어i3-1315U, 중량: 1.41kg, 출시년월: 2023.07, 그래픽카드 형태: 미장착, 쿠팡상품번호: 7539256992 - 20470212513",https://www.coupang.com/vp/products/7539256992?itemId=20470212513&vendorItemId=87537608322
